Workbook
Name 결석훈련생명단: '훈련일지(2)'!$E$23:$O$23
Name 결석훈련생명단: '훈련일지(1)'!$E$24:$O$24
Name 공휴일: 기본입력!$J$2:$J$33
Name 과목1: 기본입력!$B$9
Name 과목10: 기본입력!$B$18
Name 과목11: 기본입력!$B$19
Name 과목12: 기본입력!$B$20
Name 과목13: 기본입력!$B$21
Name 과목14: 기본입력!$B$22
Name 과목15: 기본입력!$B$23
Name 과목16: 기본입력!$B$24
Name 과목17: 기본입력!$B$25
Name 과목18: 기본입력!$B$26
Name 과목19: 기본입력!$B$27
Name 과목2: 기본입력!$B$10
Name 과목20: 기본입력!$B$28
Name 과목21: 기본입력!$B$29
Name 과목22: 기본입력!$B$30
Name 과목23: 기본입력!$B$31
Name 과목24: 기본입력!$B$32
Name 과목25: 기본입력!$B$33
Name 과목3: 기본입력!$B$11
Name 과목4: 기본입력!$B$12
Name 과목5: 기본입력!$B$13
Name 과목6: 기본입력!$B$14
Name 과목7: 기본입력!$B$15
Name 과목8: 기본입력!$B$16
Name 과목9: 기본입력!$B$17
Name 누적시수1: 기본입력!$D$9
Name 누적시수10: 기본입력!$D$18
Name 누적시수11: 기본입력!$D$19
Name 누적시수12: 기본입력!$D$20
Name 누적시수13: 기본입력!$D$21
Name 누적시수14: 기본입력!$D$22
Name 누적시수15: 기본입력!$D$23
Name 누적시수16: 기본입력!$D$24
Name 누적시수17: 기본입력!$D$25
Name 누적시수18: 기본입력!$D$26
Name 누적시수19: 기본입력!$D$27
Name 누적시수2: 기본입력!$D$10
Name 누적시수20: 기본입력!$D$28
Name 누적시수21: 기본입력!$D$29
Name 누적시수22: 기본입력!$D$30
Name 누적시수23: 기본입력!$D$31
Name 누적시수24: 기본입력!$D$32
Name 누적시수25: 기본입력!$D$33
Name 누적시수3: 기본입력!$D$11
Name 누적시수4: 기본입력!$D$12
Name 누적시수5: 기본입력!$D$13
Name 누적시수6: 기본입력!$D$14
Name 누적시수7: 기본입력!$D$15
Name 누적시수8: 기본입력!$D$16
Name 누적시수9: 기본입력!$D$17
Name 시작일: 기본입력!$H$2
Name 시작주월요일: 기본입력!$H$6
Name 조퇴훈련생명단: '훈련일지(2)'!$E$25:$O$25
Name 조퇴훈련생명단: '훈련일지(1)'!$E$26:$O$26
Name 종료일: 기본입력!$H$4
Name 지각훈련생명단: '훈련일지(2)'!$E$21:$O$21
Name 지각훈련생명단: '훈련일지(1)'!$E$22:$O$22

Sheet 기본입력
A1: 훈련과목명 | C1: 인공지능(AI),빅데이터 활용 웹솔루션 개발자 양성(Python, Java) | H1: 시작일 | J1: 공휴일(주말제외)
A2: 훈련기간 | C2: 2025.09.22~2026.03.25 | H2: 45922 | J2: 45884
A3: 시간/일/일평균시간 | C3: (6개월. 122일. 976시간. 일 8.0시간) | H3: 종료일 | J3: 2025-10-03
H4: 46106 | J4: 2025-10-06
A5: 시설(강의실명) | C5: 시설코드 | H5: 시작주 월요일 | J5: 45937
A6: 1교육실(실습겸용강의실) | C6: 1교육실(실습겸용강의실)_243089 | H6: 45922 | J6: 45938
J7: 45939 | M7: 훈련교사정보
A8: 번호 | B8: 과목명 | C8: 시수 | D8: 누적시수 | E8: 훈련교사코드 | F8: 과목코드 | J8: 46016 | L8: 훈련교사 | M8: 훈련교사 | N8: 코드
A9: =IF(B9="","",ROW()-8) -> 1 | B9: 웹 애플리케이션 개발 | C9: 80 | D9: =IF(과목1="","",SUM($C$9:$C9)) -> 80 | E9: =IF(L9="","",VLOOKUP(L9,$M$9:$N$12,2,FALSE)) -> 양현수_53778 | F9: 웹 애플리케이션 개발__3 | J9: 46023 | L9: [200102]양현수 | M9: [200102]김은수 | N9: 김은수_52618
A10: =IF(B10="","",ROW()-8) -> 2 | B10: 웹&콘텐츠 서비스 개발 | C10: 40 | D10: =IF(과목2="","",SUM($C$9:$C10)) -> 120 | E10: =IF(L10="","",VLOOKUP(L10,$M$9:$N$12,2,FALSE)) -> 양현수_53778 | F10: 웹&콘텐츠 서비스 개발__4 | J10: 46069 | L10: [200102]양현수 | M10: [200102]박기태 | N10: 박기태_1947477
A11: =IF(B11="","",ROW()-8) -> 3 | B11: SQL 및 데이터 모델링 | C11: 72 | D11: =IF(과목3="","",SUM($C$9:$C11)) -> 192 | E11: =IF(L11="","",VLOOKUP(L11,$M$9:$N$12,2,FALSE)) -> 양현수_53778 | F11: SQL 및 데이터 모델링__5 | J11: 46070 | L11: [200102]양현수 | M11: [200102]양현수 | N11: 양현수_53778
A12: =IF(B12="","",ROW()-8) -> 4 | B12: AI개발 기초 | C12: 100 | D12: =IF(과목4="","",SUM($C$9:$C12)) -> 292 | E12: =IF(L12="","",VLOOKUP(L12,$M$9:$N$12,2,FALSE)) -> 양현수_53778 | F12: AI개발 기초__1 | J12: 46071 | L12: [200102]양현수
A13: =IF(B13="","",ROW()-8) -> 5 | B13: 인공지능 프로그래밍 | C13: 128 | D13: =IF(과목5="","",SUM($C$9:$C13)) -> 420 | E13: =IF(L13="","",VLOOKUP(L13,$M$9:$N$12,2,FALSE)) -> 양현수_53778 | F13: 인공지능 프로그래밍__2 | J13: 46083 | L13: [200102]양현수
A14: =IF(B14="","",ROW()-8) -> 6 | B14: Advanced 프로젝트 | C14: 104 | D14: =IF(과목6="","",SUM($C$9:$C14)) -> 524 | E14: =IF(L14="","",VLOOKUP(L14,$M$9:$N$12,2,FALSE)) -> 양현수_53778 | F14: Advanced 프로젝트_9 | L14: [200102]양현수
A15: =IF(B15="","",ROW()-8) -> 7 | B15: 빅데이터 분석 및 시각화 | C15: 40 | D15: =IF(과목7="","",SUM($C$9:$C15)) -> 564 | E15: =IF(L15="","",VLOOKUP(L15,$M$9:$N$12,2,FALSE)) -> 양현수_53778 | F15: 빅데이터 분석 및 시각화__6 | L15: [200102]양현수
A16: =IF(B16="","",ROW()-8) -> 8 | B16: 빅데이터 시스템 구축 | C16: 80 | D16: =IF(과목8="","",SUM($C$9:$C16)) -> 644 | E16: =IF(L16="","",VLOOKUP(L16,$M$9:$N$12,2,FALSE)) -> 양현수_53778 | F16: 빅데이터 시스템 구축__7 | L16: [200102]양현수
A17: =IF(B17="","",ROW()-8) -> 9 | B17: 빅데이터 플랫폼 개발 | C17: 60 | D17: =IF(과목9="","",SUM($C$9:$C17)) -> 704 | E17: =IF(L17="","",VLOOKUP(L17,$M$9:$N$12,2,FALSE)) -> 양현수_53778 | F17: 빅데이터 플랫폼 개발__8 | L17: [200102]양현수
A18: =IF(B18="","",ROW()-8) -> 10 | B18: Final 프로젝트 | C18: 256 | D18: =IF(과목10="","",SUM($C$9:$C18)) -> 960 | E18: =IF(L18="","",VLOOKUP(L18,$M$9:$N$12,2,FALSE)) -> 양현수_53778 | F18: Final 프로젝트__10 | L18: [200102]양현수
A19: =IF(B19="","",ROW()-8) -> 11 | B19: 산업체특강 , 프로젝트 발표(시연), 수료식 | C19: 4 | D19: =IF(과목11="","",SUM($C$9:$C19)) -> 964 | E19: =IF(L19="","",VLOOKUP(L19,$M$9:$N$12,2,FALSE)) -> 양현수_53778 | F19: 산업체특강 , 프로젝트 발표(시연), 수료식__12 | L19: [200102]양현수
A20: =IF(B20="","",ROW()-8) -> 12 | B20: 취업특강 및 모의면접 | C20: 8 | D20: =IF(과목12="","",SUM($C$9:$C20)) -> 972 | E20: =IF(L20="","",VLOOKUP(L20,$M$9:$N$12,2,FALSE)) -> 양현수_53778 | F20: 취업특강 및 모의면접__11 | L20: [200102]양현수
A21: =IF(B21="","",ROW()-8) -> 13 | B21: 산업체특강 , 프로젝트 발표(시연), 수료식 | C21: 4 | D21: =IF(과목13="","",SUM($C$9:$C21)) -> 976 | E21: =IF(L21="","",VLOOKUP(L21,$M$9:$N$12,2,FALSE)) -> 양현수_53778 | F21: 산업체특강 , 프로젝트 발표(시연), 수료식__12 | L21: [200102]양현수
A22: =IF(B22="","",ROW()-8) | D22: =IF(과목14="","",SUM($C$9:$C22)) | E22: =IF(L22="","",VLOOKUP(L22,$M$9:$N$12,2,FALSE))
A23: =IF(B23="","",ROW()-8) | D23: =IF(과목15="","",SUM($C$9:$C23)) | E23: =IF(L23="","",VLOOKUP(L23,$M$9:$N$12,2,FALSE))
D24: =IF(과목16="","",SUM($C$9:$C24)) | E24: =IF(L24="","",VLOOKUP(L24,$M$9:$N$12,2,FALSE))
D25: =IF(과목17="","",SUM($C$9:$C25)) | E25: =IF(L25="","",VLOOKUP(L25,$M$9:$N$12,2,FALSE))
D26: =IF(과목18="","",SUM($C$9:$C26)) | E26: =IF(L26="","",VLOOKUP(L26,$M$9:$N$12,2,FALSE))
A27: =IF(B27="","",ROW()-8) | D27: =IF(과목19="","",SUM($C$9:$C27)) | E27: =IF(L27="","",VLOOKUP(L27,$M$9:$N$12,2,FALSE))
A28: =IF(B28="","",ROW()-8) | D28: =IF(과목20="","",SUM($C$9:$C28)) | E28: =IF(L28="","",VLOOKUP(L28,$M$9:$N$12,2,FALSE))
A29: =IF(B29="","",ROW()-8) | D29: =IF(과목21="","",SUM($C$9:$C29)) | E29: =IF(L29="","",VLOOKUP(L29,$M$9:$N$12,2,FALSE))
A30: =IF(B30="","",ROW()-8) | D30: =IF(과목22="","",SUM($C$9:$C30)) | E30: =IF(L30="","",VLOOKUP(L30,$M$9:$N$12,2,FALSE))
A31: =IF(B31="","",ROW()-8) | D31: =IF(과목23="","",SUM($C$9:$C31)) | E31: =IF(L31="","",VLOOKUP(L31,$M$9:$N$12,2,FALSE))
A32: =IF(B32="","",ROW()-8) | D32: =IF(과목24="","",SUM($C$9:$C32)) | E32: =IF(L32="","",VLOOKUP(L32,$M$9:$N$12,2,FALSE))
A33: =IF(B33="","",ROW()-8) | D33: =IF(과목25="","",SUM($C$9:$C33)) | E33: =IF(L33="","",VLOOKUP(L33,$M$9:$N$12,2,FALSE))
C34: =SUM(C9:C33) -> 976

Sheet 세부시간표
A1: 일자별 시간표 내역을 입력합니다 | E1: 교시별 세부 시간표 내역을 입력합니다 | J1: 교과목명 및 능력단위명 | K1: 강의실 | L1: 훈련교사
A2: 훈련일자 | B2: 훈련시작시간 | C2: 훈련종료시간 | D2: 방학/원격여부 | E2: 시작시간 | F2: 시간구분 | G2: 훈련강사코드 | H2: 교육장소(강의실)코드 | I2: 교과목(및 능력단위)코드 | N2: 훈련 시간 | O2: 과목 번호 | Q2: 훈련일차
A3: =TEXT(R3,"yyyymmdd") -> 20250922 | B3: 0900 | C3: 1740 | E3: 0900 | F3: 1 | G3: =IF(OR(N3="",N3>기본입력!$C$34),"",VLOOKUP(O3,기본입력!$A$9:$F$33,5)) -> 양현수_53778 | H3: =IF(OR(N3="",N3>기본입력!$C$34),"",기본입력!$C$6) -> 1교육실(실습겸용강의실)_243089 | I3: =IF(OR(O3="",N3>기본입력!$C$34),"",VLOOKUP(O3,기본입력!$A$9:$F$33,6,FALSE)) -> 웹 애플리케이션 개발__3 | J3: =IF(F3="2","",LEFT(I3,FIND("_",I3,2)-1)) -> 웹 애플리케이션 개발 | K3: =IF(F3="2","",LEFT(H3,FIND("_",H3,2)-1)) -> 1교육실(실습겸용강의실) | L3: =IF(F3="2","",LEFT(G3,FIND("_",G3,2)-1)) -> 양현수 | N3: =IF(F3="2","",COUNTIF($F$3:$F3,"=1")) -> 1 | O3: =IF(F3="2","",IF(N3<=누적시수1,1,IF(N3<=누적시수2,2,IF(N3<=누적시수3,3,IF(N3<=누적시수4,4,IF(N3<=누적시수5,5,IF(N3<=누적시수6,6,IF(N3<=누적시수7,7,IF(N3<=누적시수8,8,IF(N3<=누적시수9,9,IF(N3<=누적시수10,10,IF(N3<=누적시수11,11,IF(N3<=누적시수12,12,IF(N3<=누적시수13,13,IF(N3<=누적시수14,14,IF(N3<=누적시수15,15,IF(N3<=누적시수16,16,IF(N3<=누적시수17,17,IF(N3<=누적시수18,18,IF(N3<=누적시수19,19,IF(N3<=누적시수20,20,IF(N3<=누적시수21,21,IF(N3<=누적시수22,22,IF(N3<=누적시수23,23,IF(N3<=누적시수24,24,IF(N3<=누적시수25,25,0)))))))))))))))))))))))))) -> 1 | P3: =MOD(ROW(),9) -> 3 | Q3: =COUNTIF($P$3:P3,"=3") -> 1 | R3: =WORKDAY(기본입력!$H$2,Q3-1,공휴일) -> 45922
A4: =TEXT(R4,"yyyymmdd") -> 20250922 | B4: 0900 | C4: 1740 | E4: 1000 | F4: 1 | G4: =IF(OR(N4="",N4>기본입력!$C$34),"",VLOOKUP(O4,기본입력!$A$9:$F$33,5)) -> 양현수_53778 | H4: =IF(OR(N4="",N4>기본입력!$C$34),"",기본입력!$C$6) -> 1교육실(실습겸용강의실)_243089 | I4: =IF(OR(O4="",N4>기본입력!$C$34),"",VLOOKUP(O4,기본입력!$A$9:$F$33,6,FALSE)) -> 웹 애플리케이션 개발__3 | J4: =IF(F4="2","",LEFT(I4,FIND("_",I4,2)-1)) -> 웹 애플리케이션 개발 | K4: =IF(F4="2","",LEFT(H4,FIND("_",H4,2)-1)) -> 1교육실(실습겸용강의실) | L4: =IF(F4="2","",LEFT(G4,FIND("_",G4,2)-1)) -> 양현수 | N4: =IF(F4="2","",COUNTIF($F$3:$F4,"=1")) -> 2 | O4: =IF(F4="2","",IF(N4<=누적시수1,1,IF(N4<=누적시수2,2,IF(N4<=누적시수3,3,IF(N4<=누적시수4,4,IF(N4<=누적시수5,5,IF(N4<=누적시수6,6,IF(N4<=누적시수7,7,IF(N4<=누적시수8,8,IF(N4<=누적시수9,9,IF(N4<=누적시수10,10,IF(N4<=누적시수11,11,IF(N4<=누적시수12,12,IF(N4<=누적시수13,13,IF(N4<=누적시수14,14,IF(N4<=누적시수15,15,IF(N4<=누적시수16,16,IF(N4<=누적시수17,17,IF(N4<=누적시수18,18,IF(N4<=누적시수19,19,IF(N4<=누적시수20,20,IF(N4<=누적시수21,21,IF(N4<=누적시수22,22,IF(N4<=누적시수23,23,IF(N4<=누적시수24,24,IF(N4<=누적시수25,25,0)))))))))))))))))))))))))) -> 1 | P4: =MOD(ROW(),9) -> 4 | Q4: =COUNTIF($P$3:P4,"=3") -> 1 | R4: =WORKDAY(기본입력!$H$2,Q4-1,공휴일) -> 45922
A5: =TEXT(R5,"yyyymmdd") -> 20250922 | B5: 0900 | C5: 1740 | E5: 1100 | F5: 1 | G5: =IF(OR(N5="",N5>기본입력!$C$34),"",VLOOKUP(O5,기본입력!$A$9:$F$33,5)) -> 양현수_53778 | H5: =IF(OR(N5="",N5>기본입력!$C$34),"",기본입력!$C$6) -> 1교육실(실습겸용강의실)_243089 | I5: =IF(OR(O5="",N5>기본입력!$C$34),"",VLOOKUP(O5,기본입력!$A$9:$F$33,6,FALSE)) -> 웹 애플리케이션 개발__3 | J5: =IF(F5="2","",LEFT(I5,FIND("_",I5,2)-1)) -> 웹 애플리케이션 개발 | K5: =IF(F5="2","",LEFT(H5,FIND("_",H5,2)-1)) -> 1교육실(실습겸용강의실) | L5: =IF(F5="2","",LEFT(G5,FIND("_",G5,2)-1)) -> 양현수 | N5: =IF(F5="2","",COUNTIF($F$3:$F5,"=1")) -> 3 | O5: =IF(F5="2","",IF(N5<=누적시수1,1,IF(N5<=누적시수2,2,IF(N5<=누적시수3,3,IF(N5<=누적시수4,4,IF(N5<=누적시수5,5,IF(N5<=누적시수6,6,IF(N5<=누적시수7,7,IF(N5<=누적시수8,8,IF(N5<=누적시수9,9,IF(N5<=누적시수10,10,IF(N5<=누적시수11,11,IF(N5<=누적시수12,12,IF(N5<=누적시수13,13,IF(N5<=누적시수14,14,IF(N5<=누적시수15,15,IF(N5<=누적시수16,16,IF(N5<=누적시수17,17,IF(N5<=누적시수18,18,IF(N5<=누적시수19,19,IF(N5<=누적시수20,20,IF(N5<=누적시수21,21,IF(N5<=누적시수22,22,IF(N5<=누적시수23,23,IF(N5<=누적시수24,24,IF(N5<=누적시수25,25,0)))))))))))))))))))))))))) -> 1 | P5: =MOD(ROW(),9) -> 5 | Q5: =COUNTIF($P$3:P5,"=3") -> 1 | R5: =WORKDAY(기본입력!$H$2,Q5-1,공휴일) -> 45922
A6: =TEXT(R6,"yyyymmdd") -> 20250922 | B6: 0900 | C6: 1740 | E6: 1200 | F6: 1 | G6: =IF(OR(N6="",N6>기본입력!$C$34),"",VLOOKUP(O6,기본입력!$A$9:$F$33,5)) -> 양현수_53778 | H6: =IF(OR(N6="",N6>기본입력!$C$34),"",기본입력!$C$6) -> 1교육실(실습겸용강의실)_243089 | I6: =IF(OR(O6="",N6>기본입력!$C$34),"",VLOOKUP(O6,기본입력!$A$9:$F$33,6,FALSE)) -> 웹 애플리케이션 개발__3 | J6: =IF(F6="2","",LEFT(I6,FIND("_",I6,2)-1)) -> 웹 애플리케이션 개발 | K6: =IF(F6="2","",LEFT(H6,FIND("_",H6,2)-1)) -> 1교육실(실습겸용강의실) | L6: =IF(F6="2","",LEFT(G6,FIND("_",G6,2)-1)) -> 양현수 | N6: =IF(F6="2","",COUNTIF($F$3:$F6,"=1")) -> 4 | O6: =IF(F6="2","",IF(N6<=누적시수1,1,IF(N6<=누적시수2,2,IF(N6<=누적시수3,3,IF(N6<=누적시수4,4,IF(N6<=누적시수5,5,IF(N6<=누적시수6,6,IF(N6<=누적시수7,7,IF(N6<=누적시수8,8,IF(N6<=누적시수9,9,IF(N6<=누적시수10,10,IF(N6<=누적시수11,11,IF(N6<=누적시수12,12,IF(N6<=누적시수13,13,IF(N6<=누적시수14,14,IF(N6<=누적시수15,15,IF(N6<=누적시수16,16,IF(N6<=누적시수17,17,IF(N6<=누적시수18,18,IF(N6<=누적시수19,19,IF(N6<=누적시수20,20,IF(N6<=누적시수21,21,IF(N6<=누적시수22,22,IF(N6<=누적시수23,23,IF(N6<=누적시수24,24,IF(N6<=누적시수25,25,0)))))))))))))))))))))))))) -> 1 | P6: =MOD(ROW(),9) -> 6 | Q6: =COUNTIF($P$3:P6,"=3") -> 1 | R6: =WORKDAY(기본입력!$H$2,Q6-1,공휴일) -> 45922
A7: =TEXT(R7,"yyyymmdd") -> 20250922 | B7: 0900 | C7: 1740 | E7: 1300 | F7: 2 | G7: =IF(OR(N7="",N7>기본입력!$C$34),"",VLOOKUP(O7,기본입력!$A$9:$F$33,5)) | H7: =IF(OR(N7="",N7>기본입력!$C$34),"",기본입력!$C$6) | I7: =IF(OR(O7="",N7>기본입력!$C$34),"",VLOOKUP(O7,기본입력!$A$9:$F$33,6,FALSE)) | J7: =IF(F7="2","",LEFT(I7,FIND("_",I7,2)-1)) | K7: =IF(F7="2","",LEFT(H7,FIND("_",H7,2)-1)) | L7: =IF(F7="2","",LEFT(G7,FIND("_",G7,2)-1)) | N7: =IF(F7="2","",COUNTIF($F$3:$F7,"=1")) | O7: =IF(F7="2","",IF(N7<=누적시수1,1,IF(N7<=누적시수2,2,IF(N7<=누적시수3,3,IF(N7<=누적시수4,4,IF(N7<=누적시수5,5,IF(N7<=누적시수6,6,IF(N7<=누적시수7,7,IF(N7<=누적시수8,8,IF(N7<=누적시수9,9,IF(N7<=누적시수10,10,IF(N7<=누적시수11,11,IF(N7<=누적시수12,12,IF(N7<=누적시수13,13,IF(N7<=누적시수14,14,IF(N7<=누적시수15,15,IF(N7<=누적시수16,16,IF(N7<=누적시수17,17,IF(N7<=누적시수18,18,IF(N7<=누적시수19,19,IF(N7<=누적시수20,20,IF(N7<=누적시수21,21,IF(N7<=누적시수22,22,IF(N7<=누적시수23,23,IF(N7<=누적시수24,24,IF(N7<=누적시수25,25,0)))))))))))))))))))))))))) | P7: =MOD(ROW(),9) -> 7 | Q7: =COUNTIF($P$3:P7,"=3") -> 1 | R7: =WORKDAY(기본입력!$H$2,Q7-1,공휴일) -> 45922
A8: =TEXT(R8,"yyyymmdd") -> 20250922 | B8: 0900 | C8: 1740 | E8: 1340 | F8: 1 | G8: =IF(OR(N8="",N8>기본입력!$C$34),"",VLOOKUP(O8,기본입력!$A$9:$F$33,5)) -> 양현수_53778 | H8: =IF(OR(N8="",N8>기본입력!$C$34),"",기본입력!$C$6) -> 1교육실(실습겸용강의실)_243089 | I8: =IF(OR(O8="",N8>기본입력!$C$34),"",VLOOKUP(O8,기본입력!$A$9:$F$33,6,FALSE)) -> 웹 애플리케이션 개발__3 | J8: =IF(F8="2","",LEFT(I8,FIND("_",I8,2)-1)) -> 웹 애플리케이션 개발 | K8: =IF(F8="2","",LEFT(H8,FIND("_",H8,2)-1)) -> 1교육실(실습겸용강의실) | L8: =IF(F8="2","",LEFT(G8,FIND("_",G8,2)-1)) -> 양현수 | N8: =IF(F8="2","",COUNTIF($F$3:$F8,"=1")) -> 5 | O8: =IF(F8="2","",IF(N8<=누적시수1,1,IF(N8<=누적시수2,2,IF(N8<=누적시수3,3,IF(N8<=누적시수4,4,IF(N8<=누적시수5,5,IF(N8<=누적시수6,6,IF(N8<=누적시수7,7,IF(N8<=누적시수8,8,IF(N8<=누적시수9,9,IF(N8<=누적시수10,10,IF(N8<=누적시수11,11,IF(N8<=누적시수12,12,IF(N8<=누적시수13,13,IF(N8<=누적시수14,14,IF(N8<=누적시수15,15,IF(N8<=누적시수16,16,IF(N8<=누적시수17,17,IF(N8<=누적시수18,18,IF(N8<=누적시수19,19,IF(N8<=누적시수20,20,IF(N8<=누적시수21,21,IF(N8<=누적시수22,22,IF(N8<=누적시수23,23,IF(N8<=누적시수24,24,IF(N8<=누적시수25,25,0)))))))))))))))))))))))))) -> 1 | P8: =MOD(ROW(),9) -> 8 | Q8: =COUNTIF($P$3:P8,"=3") -> 1 | R8: =WORKDAY(기본입력!$H$2,Q8-1,공휴일) -> 45922
A9: =TEXT(R9,"yyyymmdd") -> 20250922 | B9: 0900 | C9: 1740 | E9: 1440 | F9: 1 | G9: =IF(OR(N9="",N9>기본입력!$C$34),"",VLOOKUP(O9,기본입력!$A$9:$F$33,5)) -> 양현수_53778 | H9: =IF(OR(N9="",N9>기본입력!$C$34),"",기본입력!$C$6) -> 1교육실(실습겸용강의실)_243089 | I9: =IF(OR(O9="",N9>기본입력!$C$34),"",VLOOKUP(O9,기본입력!$A$9:$F$33,6,FALSE)) -> 웹 애플리케이션 개발__3 | J9: =IF(F9="2","",LEFT(I9,FIND("_",I9,2)-1)) -> 웹 애플리케이션 개발 | K9: =IF(F9="2","",LEFT(H9,FIND("_",H9,2)-1)) -> 1교육실(실습겸용강의실) | L9: =IF(F9="2","",LEFT(G9,FIND("_",G9,2)-1)) -> 양현수 | N9: =IF(F9="2","",COUNTIF($F$3:$F9,"=1")) -> 6 | O9: =IF(F9="2","",IF(N9<=누적시수1,1,IF(N9<=누적시수2,2,IF(N9<=누적시수3,3,IF(N9<=누적시수4,4,IF(N9<=누적시수5,5,IF(N9<=누적시수6,6,IF(N9<=누적시수7,7,IF(N9<=누적시수8,8,IF(N9<=누적시수9,9,IF(N9<=누적시수10,10,IF(N9<=누적시수11,11,IF(N9<=누적시수12,12,IF(N9<=누적시수13,13,IF(N9<=누적시수14,14,IF(N9<=누적시수15,15,IF(N9<=누적시수16,16,IF(N9<=누적시수17,17,IF(N9<=누적시수18,18,IF(N9<=누적시수19,19,IF(N9<=누적시수20,20,IF(N9<=누적시수21,21,IF(N9<=누적시수22,22,IF(N9<=누적시수23,23,IF(N9<=누적시수24,24,IF(N9<=누적시수25,25,0)))))))))))))))))))))))))) -> 1 | P9: =MOD(ROW(),9) -> 0 | Q9: =COUNTIF($P$3:P9,"=3") -> 1 | R9: =WORKDAY(기본입력!$H$2,Q9-1,공휴일) -> 45922
A10: =TEXT(R10,"yyyymmdd") -> 20250922 | B10: 0900 | C10: 1740 | E10: 1540 | F10: 1 | G10: =IF(OR(N10="",N10>기본입력!$C$34),"",VLOOKUP(O10,기본입력!$A$9:$F$33,5)) -> 양현수_53778 | H10: =IF(OR(N10="",N10>기본입력!$C$34),"",기본입력!$C$6) -> 1교육실(실습겸용강의실)_243089 | I10: =IF(OR(O10="",N10>기본입력!$C$34),"",VLOOKUP(O10,기본입력!$A$9:$F$33,6,FALSE)) -> 웹 애플리케이션 개발__3 | J10: =IF(F10="2","",LEFT(I10,FIND("_",I10,2)-1)) -> 웹 애플리케이션 개발 | K10: =IF(F10="2","",LEFT(H10,FIND("_",H10,2)-1)) -> 1교육실(실습겸용강의실) | L10: =IF(F10="2","",LEFT(G10,FIND("_",G10,2)-1)) -> 양현수 | N10: =IF(F10="2","",COUNTIF($F$3:$F10,"=1")) -> 7 | O10: =IF(F10="2","",IF(N10<=누적시수1,1,IF(N10<=누적시수2,2,IF(N10<=누적시수3,3,IF(N10<=누적시수4,4,IF(N10<=누적시수5,5,IF(N10<=누적시수6,6,IF(N10<=누적시수7,7,IF(N10<=누적시수8,8,IF(N10<=누적시수9,9,IF(N10<=누적시수10,10,IF(N10<=누적시수11,11,IF(N10<=누적시수12,12,IF(N10<=누적시수13,13,IF(N10<=누적시수14,14,IF(N10<=누적시수15,15,IF(N10<=누적시수16,16,IF(N10<=누적시수17,17,IF(N10<=누적시수18,18,IF(N10<=누적시수19,19,IF(N10<=누적시수20,20,IF(N10<=누적시수21,21,IF(N10<=누적시수22,22,IF(N10<=누적시수23,23,IF(N10<=누적시수24,24,IF(N10<=누적시수25,25,0)))))))))))))))))))))))))) -> 1 | P10: =MOD(ROW(),9) -> 1 | Q10: =COUNTIF($P$3:P10,"=3") -> 1 | R10: =WORKDAY(기본입력!$H$2,Q10-1,공휴일) -> 45922
A11: =TEXT(R11,"yyyymmdd") -> 20250922 | B11: 0900 | C11: 1740 | E11: 1640 | F11: 1 | G11: =IF(OR(N11="",N11>기본입력!$C$34),"",VLOOKUP(O11,기본입력!$A$9:$F$33,5)) -> 양현수_53778 | H11: =IF(OR(N11="",N11>기본입력!$C$34),"",기본입력!$C$6) -> 1교육실(실습겸용강의실)_243089 | I11: =IF(OR(O11="",N11>기본입력!$C$34),"",VLOOKUP(O11,기본입력!$A$9:$F$33,6,FALSE)) -> 웹 애플리케이션 개발__3 | J11: =IF(F11="2","",LEFT(I11,FIND("_",I11,2)-1)) -> 웹 애플리케이션 개발 | K11: =IF(F11="2","",LEFT(H11,FIND("_",H11,2)-1)) -> 1교육실(실습겸용강의실) | L11: =IF(F11="2","",LEFT(G11,FIND("_",G11,2)-1)) -> 양현수 | N11: =IF(F11="2","",COUNTIF($F$3:$F11,"=1")) -> 8 | O11: =IF(F11="2","",IF(N11<=누적시수1,1,IF(N11<=누적시수2,2,IF(N11<=누적시수3,3,IF(N11<=누적시수4,4,IF(N11<=누적시수5,5,IF(N11<=누적시수6,6,IF(N11<=누적시수7,7,IF(N11<=누적시수8,8,IF(N11<=누적시수9,9,IF(N11<=누적시수10,10,IF(N11<=누적시수11,11,IF(N11<=누적시수12,12,IF(N11<=누적시수13,13,IF(N11<=누적시수14,14,IF(N11<=누적시수15,15,IF(N11<=누적시수16,16,IF(N11<=누적시수17,17,IF(N11<=누적시수18,18,IF(N11<=누적시수19,19,IF(N11<=누적시수20,20,IF(N11<=누적시수21,21,IF(N11<=누적시수22,22,IF(N11<=누적시수23,23,IF(N11<=누적시수24,24,IF(N11<=누적시수25,25,0)))))))))))))))))))))))))) -> 1 | P11: =MOD(ROW(),9) -> 2 | Q11: =COUNTIF($P$3:P11,"=3") -> 1 | R11: =WORKDAY(기본입력!$H$2,Q11-1,공휴일) -> 45922
A12: =TEXT(R12,"yyyymmdd") -> 20250923 | B12: 0900 | C12: 1740 | E12: 0900 | F12: 1 | G12: =IF(OR(N12="",N12>기본입력!$C$34),"",VLOOKUP(O12,기본입력!$A$9:$F$33,5)) -> 양현수_53778 | H12: =IF(OR(N12="",N12>기본입력!$C$34),"",기본입력!$C$6) -> 1교육실(실습겸용강의실)_243089 | I12: =IF(OR(O12="",N12>기본입력!$C$34),"",VLOOKUP(O12,기본입력!$A$9:$F$33,6,FALSE)) -> 웹 애플리케이션 개발__3 | J12: =IF(F12="2","",LEFT(I12,FIND("_",I12,2)-1)) -> 웹 애플리케이션 개발 | K12: =IF(F12="2","",LEFT(H12,FIND("_",H12,2)-1)) -> 1교육실(실습겸용강의실) | L12: =IF(F12="2","",LEFT(G12,FIND("_",G12,2)-1)) -> 양현수 | N12: =IF(F12="2","",COUNTIF($F$3:$F12,"=1")) -> 9 | O12: =IF(F12="2","",IF(N12<=누적시수1,1,IF(N12<=누적시수2,2,IF(N12<=누적시수3,3,IF(N12<=누적시수4,4,IF(N12<=누적시수5,5,IF(N12<=누적시수6,6,IF(N12<=누적시수7,7,IF(N12<=누적시수8,8,IF(N12<=누적시수9,9,IF(N12<=누적시수10,10,IF(N12<=누적시수11,11,IF(N12<=누적시수12,12,IF(N12<=누적시수13,13,IF(N12<=누적시수14,14,IF(N12<=누적시수15,15,IF(N12<=누적시수16,16,IF(N12<=누적시수17,17,IF(N12<=누적시수18,18,IF(N12<=누적시수19,19,IF(N12<=누적시수20,20,IF(N12<=누적시수21,21,IF(N12<=누적시수22,22,IF(N12<=누적시수23,23,IF(N12<=누적시수24,24,IF(N12<=누적시수25,25,0)))))))))))))))))))))))))) -> 1 | P12: =MOD(ROW(),9) -> 3 | Q12: =COUNTIF($P$3:P12,"=3") -> 2 | R12: =WORKDAY(기본입력!$H$2,Q12-1,공휴일) -> 45923
A13: =TEXT(R13,"yyyymmdd") -> 20250923 | B13: 0900 | C13: 1740 | E13: 1000 | F13: 1 | G13: =IF(OR(N13="",N13>기본입력!$C$34),"",VLOOKUP(O13,기본입력!$A$9:$F$33,5)) -> 양현수_53778 | H13: =IF(OR(N13="",N13>기본입력!$C$34),"",기본입력!$C$6) -> 1교육실(실습겸용강의실)_243089 | I13: =IF(OR(O13="",N13>기본입력!$C$34),"",VLOOKUP(O13,기본입력!$A$9:$F$33,6,FALSE)) -> 웹 애플리케이션 개발__3 | J13: =IF(F13="2","",LEFT(I13,FIND("_",I13,2)-1)) -> 웹 애플리케이션 개발 | K13: =IF(F13="2","",LEFT(H13,FIND("_",H13,2)-1)) -> 1교육실(실습겸용강의실) | L13: =IF(F13="2","",LEFT(G13,FIND("_",G13,2)-1)) -> 양현수 | N13: =IF(F13="2","",COUNTIF($F$3:$F13,"=1")) -> 10 | O13: =IF(F13="2","",IF(N13<=누적시수1,1,IF(N13<=누적시수2,2,IF(N13<=누적시수3,3,IF(N13<=누적시수4,4,IF(N13<=누적시수5,5,IF(N13<=누적시수6,6,IF(N13<=누적시수7,7,IF(N13<=누적시수8,8,IF(N13<=누적시수9,9,IF(N13<=누적시수10,10,IF(N13<=누적시수11,11,IF(N13<=누적시수12,12,IF(N13<=누적시수13,13,IF(N13<=누적시수14,14,IF(N13<=누적시수15,15,IF(N13<=누적시수16,16,IF(N13<=누적시수17,17,IF(N13<=누적시수18,18,IF(N13<=누적시수19,19,IF(N13<=누적시수20,20,IF(N13<=누적시수21,21,IF(N13<=누적시수22,22,IF(N13<=누적시수23,23,IF(N13<=누적시수24,24,IF(N13<=누적시수25,25,0)))))))))))))))))))))))))) -> 1 | P13: =MOD(ROW(),9) -> 4 | Q13: =COUNTIF($P$3:P13,"=3") -> 2 | R13: =WORKDAY(기본입력!$H$2,Q13-1,공휴일) -> 45923
A14: =TEXT(R14,"yyyymmdd") -> 20250923 | B14: 0900 | C14: 1740 | E14: 1100 | F14: 1 | G14: =IF(OR(N14="",N14>기본입력!$C$34),"",VLOOKUP(O14,기본입력!$A$9:$F$33,5)) -> 양현수_53778 | H14: =IF(OR(N14="",N14>기본입력!$C$34),"",기본입력!$C$6) -> 1교육실(실습겸용강의실)_243089 | I14: =IF(OR(O14="",N14>기본입력!$C$34),"",VLOOKUP(O14,기본입력!$A$9:$F$33,6,FALSE)) -> 웹 애플리케이션 개발__3 | J14: =IF(F14="2","",LEFT(I14,FIND("_",I14,2)-1)) -> 웹 애플리케이션 개발 | K14: =IF(F14="2","",LEFT(H14,FIND("_",H14,2)-1)) -> 1교육실(실습겸용강의실) | L14: =IF(F14="2","",LEFT(G14,FIND("_",G14,2)-1)) -> 양현수 | N14: =IF(F14="2","",COUNTIF($F$3:$F14,"=1")) -> 11 | O14: =IF(F14="2","",IF(N14<=누적시수1,1,IF(N14<=누적시수2,2,IF(N14<=누적시수3,3,IF(N14<=누적시수4,4,IF(N14<=누적시수5,5,IF(N14<=누적시수6,6,IF(N14<=누적시수7,7,IF(N14<=누적시수8,8,IF(N14<=누적시수9,9,IF(N14<=누적시수10,10,IF(N14<=누적시수11,11,IF(N14<=누적시수12,12,IF(N14<=누적시수13,13,IF(N14<=누적시수14,14,IF(N14<=누적시수15,15,IF(N14<=누적시수16,16,IF(N14<=누적시수17,17,IF(N14<=누적시수18,18,IF(N14<=누적시수19,19,IF(N14<=누적시수20,20,IF(N14<=누적시수21,21,IF(N14<=누적시수22,22,IF(N14<=누적시수23,23,IF(N14<=누적시수24,24,IF(N14<=누적시수25,25,0)))))))))))))))))))))))))) -> 1 | P14: =MOD(ROW(),9) -> 5 | Q14: =COUNTIF($P$3:P14,"=3") -> 2 | R14: =WORKDAY(기본입력!$H$2,Q14-1,공휴일) -> 45923
A15: =TEXT(R15,"yyyymmdd") -> 20250923 | B15: 0900 | C15: 1740 | E15: 1200 | F15: 1 | G15: =IF(OR(N15="",N15>기본입력!$C$34),"",VLOOKUP(O15,기본입력!$A$9:$F$33,5)) -> 양현수_53778 | H15: =IF(OR(N15="",N15>기본입력!$C$34),"",기본입력!$C$6) -> 1교육실(실습겸용강의실)_243089 | I15: =IF(OR(O15="",N15>기본입력!$C$34),"",VLOOKUP(O15,기본입력!$A$9:$F$33,6,FALSE)) -> 웹 애플리케이션 개발__3 | J15: =IF(F15="2","",LEFT(I15,FIND("_",I15,2)-1)) -> 웹 애플리케이션 개발 | K15: =IF(F15="2","",LEFT(H15,FIND("_",H15,2)-1)) -> 1교육실(실습겸용강의실) | L15: =IF(F15="2","",LEFT(G15,FIND("_",G15,2)-1)) -> 양현수 | N15: =IF(F15="2","",COUNTIF($F$3:$F15,"=1")) -> 12 | O15: =IF(F15="2","",IF(N15<=누적시수1,1,IF(N15<=누적시수2,2,IF(N15<=누적시수3,3,IF(N15<=누적시수4,4,IF(N15<=누적시수5,5,IF(N15<=누적시수6,6,IF(N15<=누적시수7,7,IF(N15<=누적시수8,8,IF(N15<=누적시수9,9,IF(N15<=누적시수10,10,IF(N15<=누적시수11,11,IF(N15<=누적시수12,12,IF(N15<=누적시수13,13,IF(N15<=누적시수14,14,IF(N15<=누적시수15,15,IF(N15<=누적시수16,16,IF(N15<=누적시수17,17,IF(N15<=누적시수18,18,IF(N15<=누적시수19,19,IF(N15<=누적시수20,20,IF(N15<=누적시수21,21,IF(N15<=누적시수22,22,IF(N15<=누적시수23,23,IF(N15<=누적시수24,24,IF(N15<=누적시수25,25,0)))))))))))))))))))))))))) -> 1 | P15: =MOD(ROW(),9) -> 6 | Q15: =COUNTIF($P$3:P15,"=3") -> 2 | R15: =WORKDAY(기본입력!$H$2,Q15-1,공휴일) -> 45923
A16: =TEXT(R16,"yyyymmdd") -> 20250923 | B16: 0900 | C16: 1740 | E16: 1300 | F16: 2 | G16: =IF(OR(N16="",N16>기본입력!$C$34),"",VLOOKUP(O16,기본입력!$A$9:$F$33,5)) | H16: =IF(OR(N16="",N16>기본입력!$C$34),"",기본입력!$C$6) | I16: =IF(OR(O16="",N16>기본입력!$C$34),"",VLOOKUP(O16,기본입력!$A$9:$F$33,6,FALSE)) | J16: =IF(F16="2","",LEFT(I16,FIND("_",I16,2)-1)) | K16: =IF(F16="2","",LEFT(H16,FIND("_",H16,2)-1)) | L16: =IF(F16="2","",LEFT(G16,FIND("_",G16,2)-1)) | N16: =IF(F16="2","",COUNTIF($F$3:$F16,"=1")) | O16: =IF(F16="2","",IF(N16<=누적시수1,1,IF(N16<=누적시수2,2,IF(N16<=누적시수3,3,IF(N16<=누적시수4,4,IF(N16<=누적시수5,5,IF(N16<=누적시수6,6,IF(N16<=누적시수7,7,IF(N16<=누적시수8,8,IF(N16<=누적시수9,9,IF(N16<=누적시수10,10,IF(N16<=누적시수11,11,IF(N16<=누적시수12,12,IF(N16<=누적시수13,13,IF(N16<=누적시수14,14,IF(N16<=누적시수15,15,IF(N16<=누적시수16,16,IF(N16<=누적시수17,17,IF(N16<=누적시수18,18,IF(N16<=누적시수19,19,IF(N16<=누적시수20,20,IF(N16<=누적시수21,21,IF(N16<=누적시수22,22,IF(N16<=누적시수23,23,IF(N16<=누적시수24,24,IF(N16<=누적시수25,25,0)))))))))))))))))))))))))) | P16: =MOD(ROW(),9) -> 7 | Q16: =COUNTIF($P$3:P16,"=3") -> 2 | R16: =WORKDAY(기본입력!$H$2,Q16-1,공휴일) -> 45923
A17: =TEXT(R17,"yyyymmdd") -> 20250923 | B17: 0900 | C17: 1740 | E17: 1340 | F17: 1 | G17: =IF(OR(N17="",N17>기본입력!$C$34),"",VLOOKUP(O17,기본입력!$A$9:$F$33,5)) -> 양현수_53778 | H17: =IF(OR(N17="",N17>기본입력!$C$34),"",기본입력!$C$6) -> 1교육실(실습겸용강의실)_243089 | I17: =IF(OR(O17="",N17>기본입력!$C$34),"",VLOOKUP(O17,기본입력!$A$9:$F$33,6,FALSE)) -> 웹 애플리케이션 개발__3 | J17: =IF(F17="2","",LEFT(I17,FIND("_",I17,2)-1)) -> 웹 애플리케이션 개발 | K17: =IF(F17="2","",LEFT(H17,FIND("_",H17,2)-1)) -> 1교육실(실습겸용강의실) | L17: =IF(F17="2","",LEFT(G17,FIND("_",G17,2)-1)) -> 양현수 | N17: =IF(F17="2","",COUNTIF($F$3:$F17,"=1")) -> 13 | O17: =IF(F17="2","",IF(N17<=누적시수1,1,IF(N17<=누적시수2,2,IF(N17<=누적시수3,3,IF(N17<=누적시수4,4,IF(N17<=누적시수5,5,IF(N17<=누적시수6,6,IF(N17<=누적시수7,7,IF(N17<=누적시수8,8,IF(N17<=누적시수9,9,IF(N17<=누적시수10,10,IF(N17<=누적시수11,11,IF(N17<=누적시수12,12,IF(N17<=누적시수13,13,IF(N17<=누적시수14,14,IF(N17<=누적시수15,15,IF(N17<=누적시수16,16,IF(N17<=누적시수17,17,IF(N17<=누적시수18,18,IF(N17<=누적시수19,19,IF(N17<=누적시수20,20,IF(N17<=누적시수21,21,IF(N17<=누적시수22,22,IF(N17<=누적시수23,23,IF(N17<=누적시수24,24,IF(N17<=누적시수25,25,0)))))))))))))))))))))))))) -> 1 | P17: =MOD(ROW(),9) -> 8 | Q17: =COUNTIF($P$3:P17,"=3") -> 2 | R17: =WORKDAY(기본입력!$H$2,Q17-1,공휴일) -> 45923
A18: =TEXT(R18,"yyyymmdd") -> 20250923 | B18: 0900 | C18: 1740 | E18: 1440 | F18: 1 | G18: =IF(OR(N18="",N18>기본입력!$C$34),"",VLOOKUP(O18,기본입력!$A$9:$F$33,5)) -> 양현수_53778 | H18: =IF(OR(N18="",N18>기본입력!$C$34),"",기본입력!$C$6) -> 1교육실(실습겸용강의실)_243089 | I18: =IF(OR(O18="",N18>기본입력!$C$34),"",VLOOKUP(O18,기본입력!$A$9:$F$33,6,FALSE)) -> 웹 애플리케이션 개발__3 | J18: =IF(F18="2","",LEFT(I18,FIND("_",I18,2)-1)) -> 웹 애플리케이션 개발 | K18: =IF(F18="2","",LEFT(H18,FIND("_",H18,2)-1)) -> 1교육실(실습겸용강의실) | L18: =IF(F18="2","",LEFT(G18,FIND("_",G18,2)-1)) -> 양현수 | N18: =IF(F18="2","",COUNTIF($F$3:$F18,"=1")) -> 14 | O18: =IF(F18="2","",IF(N18<=누적시수1,1,IF(N18<=누적시수2,2,IF(N18<=누적시수3,3,IF(N18<=누적시수4,4,IF(N18<=누적시수5,5,IF(N18<=누적시수6,6,IF(N18<=누적시수7,7,IF(N18<=누적시수8,8,IF(N18<=누적시수9,9,IF(N18<=누적시수10,10,IF(N18<=누적시수11,11,IF(N18<=누적시수12,12,IF(N18<=누적시수13,13,IF(N18<=누적시수14,14,IF(N18<=누적시수15,15,IF(N18<=누적시수16,16,IF(N18<=누적시수17,17,IF(N18<=누적시수18,18,IF(N18<=누적시수19,19,IF(N18<=누적시수20,20,IF(N18<=누적시수21,21,IF(N18<=누적시수22,22,IF(N18<=누적시수23,23,IF(N18<=누적시수24,24,IF(N18<=누적시수25,25,0)))))))))))))))))))))))))) -> 1 | P18: =MOD(ROW(),9) -> 0 | Q18: =COUNTIF($P$3:P18,"=3") -> 2 | R18: =WORKDAY(기본입력!$H$2,Q18-1,공휴일) -> 45923
A19: =TEXT(R19,"yyyymmdd") -> 20250923 | B19: 0900 | C19: 1740 | E19: 1540 | F19: 1 | G19: =IF(OR(N19="",N19>기본입력!$C$34),"",VLOOKUP(O19,기본입력!$A$9:$F$33,5)) -> 양현수_53778 | H19: =IF(OR(N19="",N19>기본입력!$C$34),"",기본입력!$C$6) -> 1교육실(실습겸용강의실)_243089 | I19: =IF(OR(O19="",N19>기본입력!$C$34),"",VLOOKUP(O19,기본입력!$A$9:$F$33,6,FALSE)) -> 웹 애플리케이션 개발__3 | J19: =IF(F19="2","",LEFT(I19,FIND("_",I19,2)-1)) -> 웹 애플리케이션 개발 | K19: =IF(F19="2","",LEFT(H19,FIND("_",H19,2)-1)) -> 1교육실(실습겸용강의실) | L19: =IF(F19="2","",LEFT(G19,FIND("_",G19,2)-1)) -> 양현수 | N19: =IF(F19="2","",COUNTIF($F$3:$F19,"=1")) -> 15 | O19: =IF(F19="2","",IF(N19<=누적시수1,1,IF(N19<=누적시수2,2,IF(N19<=누적시수3,3,IF(N19<=누적시수4,4,IF(N19<=누적시수5,5,IF(N19<=누적시수6,6,IF(N19<=누적시수7,7,IF(N19<=누적시수8,8,IF(N19<=누적시수9,9,IF(N19<=누적시수10,10,IF(N19<=누적시수11,11,IF(N19<=누적시수12,12,IF(N19<=누적시수13,13,IF(N19<=누적시수14,14,IF(N19<=누적시수15,15,IF(N19<=누적시수16,16,IF(N19<=누적시수17,17,IF(N19<=누적시수18,18,IF(N19<=누적시수19,19,IF(N19<=누적시수20,20,IF(N19<=누적시수21,21,IF(N19<=누적시수22,22,IF(N19<=누적시수23,23,IF(N19<=누적시수24,24,IF(N19<=누적시수25,25,0)))))))))))))))))))))))))) -> 1 | P19: =MOD(ROW(),9) -> 1 | Q19: =COUNTIF($P$3:P19,"=3") -> 2 | R19: =WORKDAY(기본입력!$H$2,Q19-1,공휴일) -> 45923
A20: =TEXT(R20,"yyyymmdd") -> 20250923 | B20: 0900 | C20: 1740 | E20: 1640 | F20: 1 | G20: =IF(OR(N20="",N20>기본입력!$C$34),"",VLOOKUP(O20,기본입력!$A$9:$F$33,5)) -> 양현수_53778 | H20: =IF(OR(N20="",N20>기본입력!$C$34),"",기본입력!$C$6) -> 1교육실(실습겸용강의실)_243089 | I20: =IF(OR(O20="",N20>기본입력!$C$34),"",VLOOKUP(O20,기본입력!$A$9:$F$33,6,FALSE)) -> 웹 애플리케이션 개발__3 | J20: =IF(F20="2","",LEFT(I20,FIND("_",I20,2)-1)) -> 웹 애플리케이션 개발 | K20: =IF(F20="2","",LEFT(H20,FIND("_",H20,2)-1)) -> 1교육실(실습겸용강의실) | L20: =IF(F20="2","",LEFT(G20,FIND("_",G20,2)-1)) -> 양현수 | N20: =IF(F20="2","",COUNTIF($F$3:$F20,"=1")) -> 16 | O20: =IF(F20="2","",IF(N20<=누적시수1,1,IF(N20<=누적시수2,2,IF(N20<=누적시수3,3,IF(N20<=누적시수4,4,IF(N20<=누적시수5,5,IF(N20<=누적시수6,6,IF(N20<=누적시수7,7,IF(N20<=누적시수8,8,IF(N20<=누적시수9,9,IF(N20<=누적시수10,10,IF(N20<=누적시수11,11,IF(N20<=누적시수12,12,IF(N20<=누적시수13,13,IF(N20<=누적시수14,14,IF(N20<=누적시수15,15,IF(N20<=누적시수16,16,IF(N20<=누적시수17,17,IF(N20<=누적시수18,18,IF(N20<=누적시수19,19,IF(N20<=누적시수20,20,IF(N20<=누적시수21,21,IF(N20<=누적시수22,22,IF(N20<=누적시수23,23,IF(N20<=누적시수24,24,IF(N20<=누적시수25,25,0)))))))))))))))))))))))))) -> 1 | P20: =MOD(ROW(),9) -> 2 | Q20: =COUNTIF($P$3:P20,"=3") -> 2 | R20: =WORKDAY(기본입력!$H$2,Q20-1,공휴일) -> 45923
A21: =TEXT(R21,"yyyymmdd") -> 20250924 | B21: 0900 | C21: 1740 | E21: 0900 | F21: 1 | G21: =IF(OR(N21="",N21>기본입력!$C$34),"",VLOOKUP(O21,기본입력!$A$9:$F$33,5)) -> 양현수_53778 | H21: =IF(OR(N21="",N21>기본입력!$C$34),"",기본입력!$C$6) -> 1교육실(실습겸용강의실)_243089 | I21: =IF(OR(O21="",N21>기본입력!$C$34),"",VLOOKUP(O21,기본입력!$A$9:$F$33,6,FALSE)) -> 웹 애플리케이션 개발__3 | J21: =IF(F21="2","",LEFT(I21,FIND("_",I21,2)-1)) -> 웹 애플리케이션 개발 | K21: =IF(F21="2","",LEFT(H21,FIND("_",H21,2)-1)) -> 1교육실(실습겸용강의실) | L21: =IF(F21="2","",LEFT(G21,FIND("_",G21,2)-1)) -> 양현수 | N21: =IF(F21="2","",COUNTIF($F$3:$F21,"=1")) -> 17 | O21: =IF(F21="2","",IF(N21<=누적시수1,1,IF(N21<=누적시수2,2,IF(N21<=누적시수3,3,IF(N21<=누적시수4,4,IF(N21<=누적시수5,5,IF(N21<=누적시수6,6,IF(N21<=누적시수7,7,IF(N21<=누적시수8,8,IF(N21<=누적시수9,9,IF(N21<=누적시수10,10,IF(N21<=누적시수11,11,IF(N21<=누적시수12,12,IF(N21<=누적시수13,13,IF(N21<=누적시수14,14,IF(N21<=누적시수15,15,IF(N21<=누적시수16,16,IF(N21<=누적시수17,17,IF(N21<=누적시수18,18,IF(N21<=누적시수19,19,IF(N21<=누적시수20,20,IF(N21<=누적시수21,21,IF(N21<=누적시수22,22,IF(N21<=누적시수23,23,IF(N21<=누적시수24,24,IF(N21<=누적시수25,25,0)))))))))))))))))))))))))) -> 1 | P21: =MOD(ROW(),9) -> 3 | Q21: =COUNTIF($P$3:P21,"=3") -> 3 | R21: =WORKDAY(기본입력!$H$2,Q21-1,공휴일) -> 45924
A22: =TEXT(R22,"yyyymmdd") -> 20250924 | B22: 0900 | C22: 1740 | E22: 1000 | F22: 1 | G22: =IF(OR(N22="",N22>기본입력!$C$34),"",VLOOKUP(O22,기본입력!$A$9:$F$33,5)) -> 양현수_53778 | H22: =IF(OR(N22="",N22>기본입력!$C$34),"",기본입력!$C$6) -> 1교육실(실습겸용강의실)_243089 | I22: =IF(OR(O22="",N22>기본입력!$C$34),"",VLOOKUP(O22,기본입력!$A$9:$F$33,6,FALSE)) -> 웹 애플리케이션 개발__3 | J22: =IF(F22="2","",LEFT(I22,FIND("_",I22,2)-1)) -> 웹 애플리케이션 개발 | K22: =IF(F22="2","",LEFT(H22,FIND("_",H22,2)-1)) -> 1교육실(실습겸용강의실) | L22: =IF(F22="2","",LEFT(G22,FIND("_",G22,2)-1)) -> 양현수 | N22: =IF(F22="2","",COUNTIF($F$3:$F22,"=1")) -> 18 | O22: =IF(F22="2","",IF(N22<=누적시수1,1,IF(N22<=누적시수2,2,IF(N22<=누적시수3,3,IF(N22<=누적시수4,4,IF(N22<=누적시수5,5,IF(N22<=누적시수6,6,IF(N22<=누적시수7,7,IF(N22<=누적시수8,8,IF(N22<=누적시수9,9,IF(N22<=누적시수10,10,IF(N22<=누적시수11,11,IF(N22<=누적시수12,12,IF(N22<=누적시수13,13,IF(N22<=누적시수14,14,IF(N22<=누적시수15,15,IF(N22<=누적시수16,16,IF(N22<=누적시수17,17,IF(N22<=누적시수18,18,IF(N22<=누적시수19,19,IF(N22<=누적시수20,20,IF(N22<=누적시수21,21,IF(N22<=누적시수22,22,IF(N22<=누적시수23,23,IF(N22<=누적시수24,24,IF(N22<=누적시수25,25,0)))))))))))))))))))))))))) -> 1 | P22: =MOD(ROW(),9) -> 4 | Q22: =COUNTIF($P$3:P22,"=3") -> 3 | R22: =WORKDAY(기본입력!$H$2,Q22-1,공휴일) -> 45924
A23: =TEXT(R23,"yyyymmdd") -> 20250924 | B23: 0900 | C23: 1740 | E23: 1100 | F23: 1 | G23: =IF(OR(N23="",N23>기본입력!$C$34),"",VLOOKUP(O23,기본입력!$A$9:$F$33,5)) -> 양현수_53778 | H23: =IF(OR(N23="",N23>기본입력!$C$34),"",기본입력!$C$6) -> 1교육실(실습겸용강의실)_243089 | I23: =IF(OR(O23="",N23>기본입력!$C$34),"",VLOOKUP(O23,기본입력!$A$9:$F$33,6,FALSE)) -> 웹 애플리케이션 개발__3 | J23: =IF(F23="2","",LEFT(I23,FIND("_",I23,2)-1)) -> 웹 애플리케이션 개발 | K23: =IF(F23="2","",LEFT(H23,FIND("_",H23,2)-1)) -> 1교육실(실습겸용강의실) | L23: =IF(F23="2","",LEFT(G23,FIND("_",G23,2)-1)) -> 양현수 | N23: =IF(F23="2","",COUNTIF($F$3:$F23,"=1")) -> 19 | O23: =IF(F23="2","",IF(N23<=누적시수1,1,IF(N23<=누적시수2,2,IF(N23<=누적시수3,3,IF(N23<=누적시수4,4,IF(N23<=누적시수5,5,IF(N23<=누적시수6,6,IF(N23<=누적시수7,7,IF(N23<=누적시수8,8,IF(N23<=누적시수9,9,IF(N23<=누적시수10,10,IF(N23<=누적시수11,11,IF(N23<=누적시수12,12,IF(N23<=누적시수13,13,IF(N23<=누적시수14,14,IF(N23<=누적시수15,15,IF(N23<=누적시수16,16,IF(N23<=누적시수17,17,IF(N23<=누적시수18,18,IF(N23<=누적시수19,19,IF(N23<=누적시수20,20,IF(N23<=누적시수21,21,IF(N23<=누적시수22,22,IF(N23<=누적시수23,23,IF(N23<=누적시수24,24,IF(N23<=누적시수25,25,0)))))))))))))))))))))))))) -> 1 | P23: =MOD(ROW(),9) -> 5 | Q23: =COUNTIF($P$3:P23,"=3") -> 3 | R23: =WORKDAY(기본입력!$H$2,Q23-1,공휴일) -> 45924
A24: =TEXT(R24,"yyyymmdd") -> 20250924 | B24: 0900 | C24: 1740 | E24: 1200 | F24: 1 | G24: =IF(OR(N24="",N24>기본입력!$C$34),"",VLOOKUP(O24,기본입력!$A$9:$F$33,5)) -> 양현수_53778 | H24: =IF(OR(N24="",N24>기본입력!$C$34),"",기본입력!$C$6) -> 1교육실(실습겸용강의실)_243089 | I24: =IF(OR(O24="",N24>기본입력!$C$34),"",VLOOKUP(O24,기본입력!$A$9:$F$33,6,FALSE)) -> 웹 애플리케이션 개발__3 | J24: =IF(F24="2","",LEFT(I24,FIND("_",I24,2)-1)) -> 웹 애플리케이션 개발 | K24: =IF(F24="2","",LEFT(H24,FIND("_",H24,2)-1)) -> 1교육실(실습겸용강의실) | L24: =IF(F24="2","",LEFT(G24,FIND("_",G24,2)-1)) -> 양현수 | N24: =IF(F24="2","",COUNTIF($F$3:$F24,"=1")) -> 20 | O24: =IF(F24="2","",IF(N24<=누적시수1,1,IF(N24<=누적시수2,2,IF(N24<=누적시수3,3,IF(N24<=누적시수4,4,IF(N24<=누적시수5,5,IF(N24<=누적시수6,6,IF(N24<=누적시수7,7,IF(N24<=누적시수8,8,IF(N24<=누적시수9,9,IF(N24<=누적시수10,10,IF(N24<=누적시수11,11,IF(N24<=누적시수12,12,IF(N24<=누적시수13,13,IF(N24<=누적시수14,14,IF(N24<=누적시수15,15,IF(N24<=누적시수16,16,IF(N24<=누적시수17,17,IF(N24<=누적시수18,18,IF(N24<=누적시수19,19,IF(N24<=누적시수20,20,IF(N24<=누적시수21,21,IF(N24<=누적시수22,22,IF(N24<=누적시수23,23,IF(N24<=누적시수24,24,IF(N24<=누적시수25,25,0)))))))))))))))))))))))))) -> 1 | P24: =MOD(ROW(),9) -> 6 | Q24: =COUNTIF($P$3:P24,"=3") -> 3 | R24: =WORKDAY(기본입력!$H$2,Q24-1,공휴일) -> 45924
A25: =TEXT(R25,"yyyymmdd") -> 20250924 | B25: 0900 | C25: 1740 | E25: 1300 | F25: 2 | G25: =IF(OR(N25="",N25>기본입력!$C$34),"",VLOOKUP(O25,기본입력!$A$9:$F$33,5)) | H25: =IF(OR(N25="",N25>기본입력!$C$34),"",기본입력!$C$6) | I25: =IF(OR(O25="",N25>기본입력!$C$34),"",VLOOKUP(O25,기본입력!$A$9:$F$33,6,FALSE)) | J25: =IF(F25="2","",LEFT(I25,FIND("_",I25,2)-1)) | K25: =IF(F25="2","",LEFT(H25,FIND("_",H25,2)-1)) | L25: =IF(F25="2","",LEFT(G25,FIND("_",G25,2)-1)) | N25: =IF(F25="2","",COUNTIF($F$3:$F25,"=1")) | O25: =IF(F25="2","",IF(N25<=누적시수1,1,IF(N25<=누적시수2,2,IF(N25<=누적시수3,3,IF(N25<=누적시수4,4,IF(N25<=누적시수5,5,IF(N25<=누적시수6,6,IF(N25<=누적시수7,7,IF(N25<=누적시수8,8,IF(N25<=누적시수9,9,IF(N25<=누적시수10,10,IF(N25<=누적시수11,11,IF(N25<=누적시수12,12,IF(N25<=누적시수13,13,IF(N25<=누적시수14,14,IF(N25<=누적시수15,15,IF(N25<=누적시수16,16,IF(N25<=누적시수17,17,IF(N25<=누적시수18,18,IF(N25<=누적시수19,19,IF(N25<=누적시수20,20,IF(N25<=누적시수21,21,IF(N25<=누적시수22,22,IF(N25<=누적시수23,23,IF(N25<=누적시수24,24,IF(N25<=누적시수25,25,0)))))))))))))))))))))))))) | P25: =MOD(ROW(),9) -> 7 | Q25: =COUNTIF($P$3:P25,"=3") -> 3 | R25: =WORKDAY(기본입력!$H$2,Q25-1,공휴일) -> 45924
A26: =TEXT(R26,"yyyymmdd") -> 20250924 | B26: 0900 | C26: 1740 | E26: 1340 | F26: 1 | G26: =IF(OR(N26="",N26>기본입력!$C$34),"",VLOOKUP(O26,기본입력!$A$9:$F$33,5)) -> 양현수_53778 | H26: =IF(OR(N26="",N26>기본입력!$C$34),"",기본입력!$C$6) -> 1교육실(실습겸용강의실)_243089 | I26: =IF(OR(O26="",N26>기본입력!$C$34),"",VLOOKUP(O26,기본입력!$A$9:$F$33,6,FALSE)) -> 웹 애플리케이션 개발__3 | J26: =IF(F26="2","",LEFT(I26,FIND("_",I26,2)-1)) -> 웹 애플리케이션 개발 | K26: =IF(F26="2","",LEFT(H26,FIND("_",H26,2)-1)) -> 1교육실(실습겸용강의실) | L26: =IF(F26="2","",LEFT(G26,FIND("_",G26,2)-1)) -> 양현수 | N26: =IF(F26="2","",COUNTIF($F$3:$F26,"=1")) -> 21 | O26: =IF(F26="2","",IF(N26<=누적시수1,1,IF(N26<=누적시수2,2,IF(N26<=누적시수3,3,IF(N26<=누적시수4,4,IF(N26<=누적시수5,5,IF(N26<=누적시수6,6,IF(N26<=누적시수7,7,IF(N26<=누적시수8,8,IF(N26<=누적시수9,9,IF(N26<=누적시수10,10,IF(N26<=누적시수11,11,IF(N26<=누적시수12,12,IF(N26<=누적시수13,13,IF(N26<=누적시수14,14,IF(N26<=누적시수15,15,IF(N26<=누적시수16,16,IF(N26<=누적시수17,17,IF(N26<=누적시수18,18,IF(N26<=누적시수19,19,IF(N26<=누적시수20,20,IF(N26<=누적시수21,21,IF(N26<=누적시수22,22,IF(N26<=누적시수23,23,IF(N26<=누적시수24,24,IF(N26<=누적시수25,25,0)))))))))))))))))))))))))) -> 1 | P26: =MOD(ROW(),9) -> 8 | Q26: =COUNTIF($P$3:P26,"=3") -> 3 | R26: =WORKDAY(기본입력!$H$2,Q26-1,공휴일) -> 45924
A27: =TEXT(R27,"yyyymmdd") -> 20250924 | B27: 0900 | C27: 1740 | E27: 1440 | F27: 1 | G27: =IF(OR(N27="",N27>기본입력!$C$34),"",VLOOKUP(O27,기본입력!$A$9:$F$33,5)) -> 양현수_53778 | H27: =IF(OR(N27="",N27>기본입력!$C$34),"",기본입력!$C$6) -> 1교육실(실습겸용강의실)_243089 | I27: =IF(OR(O27="",N27>기본입력!$C$34),"",VLOOKUP(O27,기본입력!$A$9:$F$33,6,FALSE)) -> 웹 애플리케이션 개발__3 | J27: =IF(F27="2","",LEFT(I27,FIND("_",I27,2)-1)) -> 웹 애플리케이션 개발 | K27: =IF(F27="2","",LEFT(H27,FIND("_",H27,2)-1)) -> 1교육실(실습겸용강의실) | L27: =IF(F27="2","",LEFT(G27,FIND("_",G27,2)-1)) -> 양현수 | N27: =IF(F27="2","",COUNTIF($F$3:$F27,"=1")) -> 22 | O27: =IF(F27="2","",IF(N27<=누적시수1,1,IF(N27<=누적시수2,2,IF(N27<=누적시수3,3,IF(N27<=누적시수4,4,IF(N27<=누적시수5,5,IF(N27<=누적시수6,6,IF(N27<=누적시수7,7,IF(N27<=누적시수8,8,IF(N27<=누적시수9,9,IF(N27<=누적시수10,10,IF(N27<=누적시수11,11,IF(N27<=누적시수12,12,IF(N27<=누적시수13,13,IF(N27<=누적시수14,14,IF(N27<=누적시수15,15,IF(N27<=누적시수16,16,IF(N27<=누적시수17,17,IF(N27<=누적시수18,18,IF(N27<=누적시수19,19,IF(N27<=누적시수20,20,IF(N27<=누적시수21,21,IF(N27<=누적시수22,22,IF(N27<=누적시수23,23,IF(N27<=누적시수24,24,IF(N27<=누적시수25,25,0)))))))))))))))))))))))))) -> 1 | P27: =MOD(ROW(),9) -> 0 | Q27: =COUNTIF($P$3:P27,"=3") -> 3 | R27: =WORKDAY(기본입력!$H$2,Q27-1,공휴일) -> 45924
A28: =TEXT(R28,"yyyymmdd") -> 20250924 | B28: 0900 | C28: 1740 | E28: 1540 | F28: 1 | G28: =IF(OR(N28="",N28>기본입력!$C$34),"",VLOOKUP(O28,기본입력!$A$9:$F$33,5)) -> 양현수_53778 | H28: =IF(OR(N28="",N28>기본입력!$C$34),"",기본입력!$C$6) -> 1교육실(실습겸용강의실)_243089 | I28: =IF(OR(O28="",N28>기본입력!$C$34),"",VLOOKUP(O28,기본입력!$A$9:$F$33,6,FALSE)) -> 웹 애플리케이션 개발__3 | J28: =IF(F28="2","",LEFT(I28,FIND("_",I28,2)-1)) -> 웹 애플리케이션 개발 | K28: =IF(F28="2","",LEFT(H28,FIND("_",H28,2)-1)) -> 1교육실(실습겸용강의실) | L28: =IF(F28="2","",LEFT(G28,FIND("_",G28,2)-1)) -> 양현수 | N28: =IF(F28="2","",COUNTIF($F$3:$F28,"=1")) -> 23 | O28: =IF(F28="2","",IF(N28<=누적시수1,1,IF(N28<=누적시수2,2,IF(N28<=누적시수3,3,IF(N28<=누적시수4,4,IF(N28<=누적시수5,5,IF(N28<=누적시수6,6,IF(N28<=누적시수7,7,IF(N28<=누적시수8,8,IF(N28<=누적시수9,9,IF(N28<=누적시수10,10,IF(N28<=누적시수11,11,IF(N28<=누적시수12,12,IF(N28<=누적시수13,13,IF(N28<=누적시수14,14,IF(N28<=누적시수15,15,IF(N28<=누적시수16,16,IF(N28<=누적시수17,17,IF(N28<=누적시수18,18,IF(N28<=누적시수19,19,IF(N28<=누적시수20,20,IF(N28<=누적시수21,21,IF(N28<=누적시수22,22,IF(N28<=누적시수23,23,IF(N28<=누적시수24,24,IF(N28<=누적시수25,25,0)))))))))))))))))))))))))) -> 1 | P28: =MOD(ROW(),9) -> 1 | Q28: =COUNTIF($P$3:P28,"=3") -> 3 | R28: =WORKDAY(기본입력!$H$2,Q28-1,공휴일) -> 45924
A29: =TEXT(R29,"yyyymmdd") -> 20250924 | B29: 0900 | C29: 1740 | E29: 1640 | F29: 1 | G29: =IF(OR(N29="",N29>기본입력!$C$34),"",VLOOKUP(O29,기본입력!$A$9:$F$33,5)) -> 양현수_53778 | H29: =IF(OR(N29="",N29>기본입력!$C$34),"",기본입력!$C$6) -> 1교육실(실습겸용강의실)_243089 | I29: =IF(OR(O29="",N29>기본입력!$C$34),"",VLOOKUP(O29,기본입력!$A$9:$F$33,6,FALSE)) -> 웹 애플리케이션 개발__3 | J29: =IF(F29="2","",LEFT(I29,FIND("_",I29,2)-1)) -> 웹 애플리케이션 개발 | K29: =IF(F29="2","",LEFT(H29,FIND("_",H29,2)-1)) -> 1교육실(실습겸용강의실) | L29: =IF(F29="2","",LEFT(G29,FIND("_",G29,2)-1)) -> 양현수 | N29: =IF(F29="2","",COUNTIF($F$3:$F29,"=1")) -> 24 | O29: =IF(F29="2","",IF(N29<=누적시수1,1,IF(N29<=누적시수2,2,IF(N29<=누적시수3,3,IF(N29<=누적시수4,4,IF(N29<=누적시수5,5,IF(N29<=누적시수6,6,IF(N29<=누적시수7,7,IF(N29<=누적시수8,8,IF(N29<=누적시수9,9,IF(N29<=누적시수10,10,IF(N29<=누적시수11,11,IF(N29<=누적시수12,12,IF(N29<=누적시수13,13,IF(N29<=누적시수14,14,IF(N29<=누적시수15,15,IF(N29<=누적시수16,16,IF(N29<=누적시수17,17,IF(N29<=누적시수18,18,IF(N29<=누적시수19,19,IF(N29<=누적시수20,20,IF(N29<=누적시수21,21,IF(N29<=누적시수22,22,IF(N29<=누적시수23,23,IF(N29<=누적시수24,24,IF(N29<=누적시수25,25,0)))))))))))))))))))))))))) -> 1 | P29: =MOD(ROW(),9) -> 2 | Q29: =COUNTIF($P$3:P29,"=3") -> 3 | R29: =WORKDAY(기본입력!$H$2,Q29-1,공휴일) -> 45924
A30: =TEXT(R30,"yyyymmdd") -> 20250925 | B30: 0900 | C30: 1740 | E30: 0900 | F30: 1 | G30: =IF(OR(N30="",N30>기본입력!$C$34),"",VLOOKUP(O30,기본입력!$A$9:$F$33,5)) -> 양현수_53778 | H30: =IF(OR(N30="",N30>기본입력!$C$34),"",기본입력!$C$6) -> 1교육실(실습겸용강의실)_243089 | I30: =IF(OR(O30="",N30>기본입력!$C$34),"",VLOOKUP(O30,기본입력!$A$9:$F$33,6,FALSE)) -> 웹 애플리케이션 개발__3 | J30: =IF(F30="2","",LEFT(I30,FIND("_",I30,2)-1)) -> 웹 애플리케이션 개발 | K30: =IF(F30="2","",LEFT(H30,FIND("_",H30,2)-1)) -> 1교육실(실습겸용강의실) | L30: =IF(F30="2","",LEFT(G30,FIND("_",G30,2)-1)) -> 양현수 | N30: =IF(F30="2","",COUNTIF($F$3:$F30,"=1")) -> 25 | O30: =IF(F30="2","",IF(N30<=누적시수1,1,IF(N30<=누적시수2,2,IF(N30<=누적시수3,3,IF(N30<=누적시수4,4,IF(N30<=누적시수5,5,IF(N30<=누적시수6,6,IF(N30<=누적시수7,7,IF(N30<=누적시수8,8,IF(N30<=누적시수9,9,IF(N30<=누적시수10,10,IF(N30<=누적시수11,11,IF(N30<=누적시수12,12,IF(N30<=누적시수13,13,IF(N30<=누적시수14,14,IF(N30<=누적시수15,15,IF(N30<=누적시수16,16,IF(N30<=누적시수17,17,IF(N30<=누적시수18,18,IF(N30<=누적시수19,19,IF(N30<=누적시수20,20,IF(N30<=누적시수21,21,IF(N30<=누적시수22,22,IF(N30<=누적시수23,23,IF(N30<=누적시수24,24,IF(N30<=누적시수25,25,0)))))))))))))))))))))))))) -> 1 | P30: =MOD(ROW(),9) -> 3 | Q30: =COUNTIF($P$3:P30,"=3") -> 4 | R30: =WORKDAY(기본입력!$H$2,Q30-1,공휴일) -> 45925
A31: =TEXT(R31,"yyyymmdd") -> 20250925 | B31: 0900 | C31: 1740 | E31: 1000 | F31: 1 | G31: =IF(OR(N31="",N31>기본입력!$C$34),"",VLOOKUP(O31,기본입력!$A$9:$F$33,5)) -> 양현수_53778 | H31: =IF(OR(N31="",N31>기본입력!$C$34),"",기본입력!$C$6) -> 1교육실(실습겸용강의실)_243089 | I31: =IF(OR(O31="",N31>기본입력!$C$34),"",VLOOKUP(O31,기본입력!$A$9:$F$33,6,FALSE)) -> 웹 애플리케이션 개발__3 | J31: =IF(F31="2","",LEFT(I31,FIND("_",I31,2)-1)) -> 웹 애플리케이션 개발 | K31: =IF(F31="2","",LEFT(H31,FIND("_",H31,2)-1)) -> 1교육실(실습겸용강의실) | L31: =IF(F31="2","",LEFT(G31,FIND("_",G31,2)-1)) -> 양현수 | N31: =IF(F31="2","",COUNTIF($F$3:$F31,"=1")) -> 26 | O31: =IF(F31="2","",IF(N31<=누적시수1,1,IF(N31<=누적시수2,2,IF(N31<=누적시수3,3,IF(N31<=누적시수4,4,IF(N31<=누적시수5,5,IF(N31<=누적시수6,6,IF(N31<=누적시수7,7,IF(N31<=누적시수8,8,IF(N31<=누적시수9,9,IF(N31<=누적시수10,10,IF(N31<=누적시수11,11,IF(N31<=누적시수12,12,IF(N31<=누적시수13,13,IF(N31<=누적시수14,14,IF(N31<=누적시수15,15,IF(N31<=누적시수16,16,IF(N31<=누적시수17,17,IF(N31<=누적시수18,18,IF(N31<=누적시수19,19,IF(N31<=누적시수20,20,IF(N31<=누적시수21,21,IF(N31<=누적시수22,22,IF(N31<=누적시수23,23,IF(N31<=누적시수24,24,IF(N31<=누적시수25,25,0)))))))))))))))))))))))))) -> 1 | P31: =MOD(ROW(),9) -> 4 | Q31: =COUNTIF($P$3:P31,"=3") -> 4 | R31: =WORKDAY(기본입력!$H$2,Q31-1,공휴일) -> 45925
A32: =TEXT(R32,"yyyymmdd") -> 20250925 | B32: 0900 | C32: 1740 | E32: 1100 | F32: 1 | G32: =IF(OR(N32="",N32>기본입력!$C$34),"",VLOOKUP(O32,기본입력!$A$9:$F$33,5)) -> 양현수_53778 | H32: =IF(OR(N32="",N32>기본입력!$C$34),"",기본입력!$C$6) -> 1교육실(실습겸용강의실)_243089 | I32: =IF(OR(O32="",N32>기본입력!$C$34),"",VLOOKUP(O32,기본입력!$A$9:$F$33,6,FALSE)) -> 웹 애플리케이션 개발__3 | J32: =IF(F32="2","",LEFT(I32,FIND("_",I32,2)-1)) -> 웹 애플리케이션 개발 | K32: =IF(F32="2","",LEFT(H32,FIND("_",H32,2)-1)) -> 1교육실(실습겸용강의실) | L32: =IF(F32="2","",LEFT(G32,FIND("_",G32,2)-1)) -> 양현수 | N32: =IF(F32="2","",COUNTIF($F$3:$F32,"=1")) -> 27 | O32: =IF(F32="2","",IF(N32<=누적시수1,1,IF(N32<=누적시수2,2,IF(N32<=누적시수3,3,IF(N32<=누적시수4,4,IF(N32<=누적시수5,5,IF(N32<=누적시수6,6,IF(N32<=누적시수7,7,IF(N32<=누적시수8,8,IF(N32<=누적시수9,9,IF(N32<=누적시수10,10,IF(N32<=누적시수11,11,IF(N32<=누적시수12,12,IF(N32<=누적시수13,13,IF(N32<=누적시수14,14,IF(N32<=누적시수15,15,IF(N32<=누적시수16,16,IF(N32<=누적시수17,17,IF(N32<=누적시수18,18,IF(N32<=누적시수19,19,IF(N32<=누적시수20,20,IF(N32<=누적시수21,21,IF(N32<=누적시수22,22,IF(N32<=누적시수23,23,IF(N32<=누적시수24,24,IF(N32<=누적시수25,25,0)))))))))))))))))))))))))) -> 1 | P32: =MOD(ROW(),9) -> 5 | Q32: =COUNTIF($P$3:P32,"=3") -> 4 | R32: =WORKDAY(기본입력!$H$2,Q32-1,공휴일) -> 45925
A33: =TEXT(R33,"yyyymmdd") -> 20250925 | B33: 0900 | C33: 1740 | E33: 1200 | F33: 1 | G33: =IF(OR(N33="",N33>기본입력!$C$34),"",VLOOKUP(O33,기본입력!$A$9:$F$33,5)) -> 양현수_53778 | H33: =IF(OR(N33="",N33>기본입력!$C$34),"",기본입력!$C$6) -> 1교육실(실습겸용강의실)_243089 | I33: =IF(OR(O33="",N33>기본입력!$C$34),"",VLOOKUP(O33,기본입력!$A$9:$F$33,6,FALSE)) -> 웹 애플리케이션 개발__3 | J33: =IF(F33="2","",LEFT(I33,FIND("_",I33,2)-1)) -> 웹 애플리케이션 개발 | K33: =IF(F33="2","",LEFT(H33,FIND("_",H33,2)-1)) -> 1교육실(실습겸용강의실) | L33: =IF(F33="2","",LEFT(G33,FIND("_",G33,2)-1)) -> 양현수 | N33: =IF(F33="2","",COUNTIF($F$3:$F33,"=1")) -> 28 | O33: =IF(F33="2","",IF(N33<=누적시수1,1,IF(N33<=누적시수2,2,IF(N33<=누적시수3,3,IF(N33<=누적시수4,4,IF(N33<=누적시수5,5,IF(N33<=누적시수6,6,IF(N33<=누적시수7,7,IF(N33<=누적시수8,8,IF(N33<=누적시수9,9,IF(N33<=누적시수10,10,IF(N33<=누적시수11,11,IF(N33<=누적시수12,12,IF(N33<=누적시수13,13,IF(N33<=누적시수14,14,IF(N33<=누적시수15,15,IF(N33<=누적시수16,16,IF(N33<=누적시수17,17,IF(N33<=누적시수18,18,IF(N33<=누적시수19,19,IF(N33<=누적시수20,20,IF(N33<=누적시수21,21,IF(N33<=누적시수22,22,IF(N33<=누적시수23,23,IF(N33<=누적시수24,24,IF(N33<=누적시수25,25,0)))))))))))))))))))))))))) -> 1 | P33: =MOD(ROW(),9) -> 6 | Q33: =COUNTIF($P$3:P33,"=3") -> 4 | R33: =WORKDAY(기본입력!$H$2,Q33-1,공휴일) -> 45925
A34: =TEXT(R34,"yyyymmdd") -> 20250925 | B34: 0900 | C34: 1740 | E34: 1300 | F34: 2 | G34: =IF(OR(N34="",N34>기본입력!$C$34),"",VLOOKUP(O34,기본입력!$A$9:$F$33,5)) | H34: =IF(OR(N34="",N34>기본입력!$C$34),"",기본입력!$C$6) | I34: =IF(OR(O34="",N34>기본입력!$C$34),"",VLOOKUP(O34,기본입력!$A$9:$F$33,6,FALSE)) | J34: =IF(F34="2","",LEFT(I34,FIND("_",I34,2)-1)) | K34: =IF(F34="2","",LEFT(H34,FIND("_",H34,2)-1)) | L34: =IF(F34="2","",LEFT(G34,FIND("_",G34,2)-1)) | N34: =IF(F34="2","",COUNTIF($F$3:$F34,"=1")) | O34: =IF(F34="2","",IF(N34<=누적시수1,1,IF(N34<=누적시수2,2,IF(N34<=누적시수3,3,IF(N34<=누적시수4,4,IF(N34<=누적시수5,5,IF(N34<=누적시수6,6,IF(N34<=누적시수7,7,IF(N34<=누적시수8,8,IF(N34<=누적시수9,9,IF(N34<=누적시수10,10,IF(N34<=누적시수11,11,IF(N34<=누적시수12,12,IF(N34<=누적시수13,13,IF(N34<=누적시수14,14,IF(N34<=누적시수15,15,IF(N34<=누적시수16,16,IF(N34<=누적시수17,17,IF(N34<=누적시수18,18,IF(N34<=누적시수19,19,IF(N34<=누적시수20,20,IF(N34<=누적시수21,21,IF(N34<=누적시수22,22,IF(N34<=누적시수23,23,IF(N34<=누적시수24,24,IF(N34<=누적시수25,25,0)))))))))))))))))))))))))) | P34: =MOD(ROW(),9) -> 7 | Q34: =COUNTIF($P$3:P34,"=3") -> 4 | R34: =WORKDAY(기본입력!$H$2,Q34-1,공휴일) -> 45925
A35: =TEXT(R35,"yyyymmdd") -> 20250925 | B35: 0900 | C35: 1740 | E35: 1340 | F35: 1 | G35: =IF(OR(N35="",N35>기본입력!$C$34),"",VLOOKUP(O35,기본입력!$A$9:$F$33,5)) -> 양현수_53778 | H35: =IF(OR(N35="",N35>기본입력!$C$34),"",기본입력!$C$6) -> 1교육실(실습겸용강의실)_243089 | I35: =IF(OR(O35="",N35>기본입력!$C$34),"",VLOOKUP(O35,기본입력!$A$9:$F$33,6,FALSE)) -> 웹 애플리케이션 개발__3 | J35: =IF(F35="2","",LEFT(I35,FIND("_",I35,2)-1)) -> 웹 애플리케이션 개발 | K35: =IF(F35="2","",LEFT(H35,FIND("_",H35,2)-1)) -> 1교육실(실습겸용강의실) | L35: =IF(F35="2","",LEFT(G35,FIND("_",G35,2)-1)) -> 양현수 | N35: =IF(F35="2","",COUNTIF($F$3:$F35,"=1")) -> 29 | O35: =IF(F35="2","",IF(N35<=누적시수1,1,IF(N35<=누적시수2,2,IF(N35<=누적시수3,3,IF(N35<=누적시수4,4,IF(N35<=누적시수5,5,IF(N35<=누적시수6,6,IF(N35<=누적시수7,7,IF(N35<=누적시수8,8,IF(N35<=누적시수9,9,IF(N35<=누적시수10,10,IF(N35<=누적시수11,11,IF(N35<=누적시수12,12,IF(N35<=누적시수13,13,IF(N35<=누적시수14,14,IF(N35<=누적시수15,15,IF(N35<=누적시수16,16,IF(N35<=누적시수17,17,IF(N35<=누적시수18,18,IF(N35<=누적시수19,19,IF(N35<=누적시수20,20,IF(N35<=누적시수21,21,IF(N35<=누적시수22,22,IF(N35<=누적시수23,23,IF(N35<=누적시수24,24,IF(N35<=누적시수25,25,0)))))))))))))))))))))))))) -> 1 | P35: =MOD(ROW(),9) -> 8 | Q35: =COUNTIF($P$3:P35,"=3") -> 4 | R35: =WORKDAY(기본입력!$H$2,Q35-1,공휴일) -> 45925
A36: =TEXT(R36,"yyyymmdd") -> 20250925 | B36: 0900 | C36: 1740 | E36: 1440 | F36: 1 | G36: =IF(OR(N36="",N36>기본입력!$C$34),"",VLOOKUP(O36,기본입력!$A$9:$F$33,5)) -> 양현수_53778 | H36: =IF(OR(N36="",N36>기본입력!$C$34),"",기본입력!$C$6) -> 1교육실(실습겸용강의실)_243089 | I36: =IF(OR(O36="",N36>기본입력!$C$34),"",VLOOKUP(O36,기본입력!$A$9:$F$33,6,FALSE)) -> 웹 애플리케이션 개발__3 | J36: =IF(F36="2","",LEFT(I36,FIND("_",I36,2)-1)) -> 웹 애플리케이션 개발 | K36: =IF(F36="2","",LEFT(H36,FIND("_",H36,2)-1)) -> 1교육실(실습겸용강의실) | L36: =IF(F36="2","",LEFT(G36,FIND("_",G36,2)-1)) -> 양현수 | N36: =IF(F36="2","",COUNTIF($F$3:$F36,"=1")) -> 30 | O36: =IF(F36="2","",IF(N36<=누적시수1,1,IF(N36<=누적시수2,2,IF(N36<=누적시수3,3,IF(N36<=누적시수4,4,IF(N36<=누적시수5,5,IF(N36<=누적시수6,6,IF(N36<=누적시수7,7,IF(N36<=누적시수8,8,IF(N36<=누적시수9,9,IF(N36<=누적시수10,10,IF(N36<=누적시수11,11,IF(N36<=누적시수12,12,IF(N36<=누적시수13,13,IF(N36<=누적시수14,14,IF(N36<=누적시수15,15,IF(N36<=누적시수16,16,IF(N36<=누적시수17,17,IF(N36<=누적시수18,18,IF(N36<=누적시수19,19,IF(N36<=누적시수20,20,IF(N36<=누적시수21,21,IF(N36<=누적시수22,22,IF(N36<=누적시수23,23,IF(N36<=누적시수24,24,IF(N36<=누적시수25,25,0)))))))))))))))))))))))))) -> 1 | P36: =MOD(ROW(),9) -> 0 | Q36: =COUNTIF($P$3:P36,"=3") -> 4 | R36: =WORKDAY(기본입력!$H$2,Q36-1,공휴일) -> 45925
A37: =TEXT(R37,"yyyymmdd") -> 20250925 | B37: 0900 | C37: 1740 | E37: 1540 | F37: 1 | G37: =IF(OR(N37="",N37>기본입력!$C$34),"",VLOOKUP(O37,기본입력!$A$9:$F$33,5)) -> 양현수_53778 | H37: =IF(OR(N37="",N37>기본입력!$C$34),"",기본입력!$C$6) -> 1교육실(실습겸용강의실)_243089 | I37: =IF(OR(O37="",N37>기본입력!$C$34),"",VLOOKUP(O37,기본입력!$A$9:$F$33,6,FALSE)) -> 웹 애플리케이션 개발__3 | J37: =IF(F37="2","",LEFT(I37,FIND("_",I37,2)-1)) -> 웹 애플리케이션 개발 | K37: =IF(F37="2","",LEFT(H37,FIND("_",H37,2)-1)) -> 1교육실(실습겸용강의실) | L37: =IF(F37="2","",LEFT(G37,FIND("_",G37,2)-1)) -> 양현수 | N37: =IF(F37="2","",COUNTIF($F$3:$F37,"=1")) -> 31 | O37: =IF(F37="2","",IF(N37<=누적시수1,1,IF(N37<=누적시수2,2,IF(N37<=누적시수3,3,IF(N37<=누적시수4,4,IF(N37<=누적시수5,5,IF(N37<=누적시수6,6,IF(N37<=누적시수7,7,IF(N37<=누적시수8,8,IF(N37<=누적시수9,9,IF(N37<=누적시수10,10,IF(N37<=누적시수11,11,IF(N37<=누적시수12,12,IF(N37<=누적시수13,13,IF(N37<=누적시수14,14,IF(N37<=누적시수15,15,IF(N37<=누적시수16,16,IF(N37<=누적시수17,17,IF(N37<=누적시수18,18,IF(N37<=누적시수19,19,IF(N37<=누적시수20,20,IF(N37<=누적시수21,21,IF(N37<=누적시수22,22,IF(N37<=누적시수23,23,IF(N37<=누적시수24,24,IF(N37<=누적시수25,25,0)))))))))))))))))))))))))) -> 1 | P37: =MOD(ROW(),9) -> 1 | Q37: =COUNTIF($P$3:P37,"=3") -> 4 | R37: =WORKDAY(기본입력!$H$2,Q37-1,공휴일) -> 45925
A38: =TEXT(R38,"yyyymmdd") -> 20250925 | B38: 0900 | C38: 1740 | E38: 1640 | F38: 1 | G38: =IF(OR(N38="",N38>기본입력!$C$34),"",VLOOKUP(O38,기본입력!$A$9:$F$33,5)) -> 양현수_53778 | H38: =IF(OR(N38="",N38>기본입력!$C$34),"",기본입력!$C$6) -> 1교육실(실습겸용강의실)_243089 | I38: =IF(OR(O38="",N38>기본입력!$C$34),"",VLOOKUP(O38,기본입력!$A$9:$F$33,6,FALSE)) -> 웹 애플리케이션 개발__3 | J38: =IF(F38="2","",LEFT(I38,FIND("_",I38,2)-1)) -> 웹 애플리케이션 개발 | K38: =IF(F38="2","",LEFT(H38,FIND("_",H38,2)-1)) -> 1교육실(실습겸용강의실) | L38: =IF(F38="2","",LEFT(G38,FIND("_",G38,2)-1)) -> 양현수 | N38: =IF(F38="2","",COUNTIF($F$3:$F38,"=1")) -> 32 | O38: =IF(F38="2","",IF(N38<=누적시수1,1,IF(N38<=누적시수2,2,IF(N38<=누적시수3,3,IF(N38<=누적시수4,4,IF(N38<=누적시수5,5,IF(N38<=누적시수6,6,IF(N38<=누적시수7,7,IF(N38<=누적시수8,8,IF(N38<=누적시수9,9,IF(N38<=누적시수10,10,IF(N38<=누적시수11,11,IF(N38<=누적시수12,12,IF(N38<=누적시수13,13,IF(N38<=누적시수14,14,IF(N38<=누적시수15,15,IF(N38<=누적시수16,16,IF(N38<=누적시수17,17,IF(N38<=누적시수18,18,IF(N38<=누적시수19,19,IF(N38<=누적시수20,20,IF(N38<=누적시수21,21,IF(N38<=누적시수22,22,IF(N38<=누적시수23,23,IF(N38<=누적시수24,24,IF(N38<=누적시수25,25,0)))))))))))))))))))))))))) -> 1 | P38: =MOD(ROW(),9) -> 2 | Q38: =COUNTIF($P$3:P38,"=3") -> 4 | R38: =WORKDAY(기본입력!$H$2,Q38-1,공휴일) -> 45925
A39: =TEXT(R39,"yyyymmdd") -> 20250926 | B39: 0900 | C39: 1740 | E39: 0900 | F39: 1 | G39: =IF(OR(N39="",N39>기본입력!$C$34),"",VLOOKUP(O39,기본입력!$A$9:$F$33,5)) -> 양현수_53778 | H39: =IF(OR(N39="",N39>기본입력!$C$34),"",기본입력!$C$6) -> 1교육실(실습겸용강의실)_243089 | I39: =IF(OR(O39="",N39>기본입력!$C$34),"",VLOOKUP(O39,기본입력!$A$9:$F$33,6,FALSE)) -> 웹 애플리케이션 개발__3 | J39: =IF(F39="2","",LEFT(I39,FIND("_",I39,2)-1)) -> 웹 애플리케이션 개발 | K39: =IF(F39="2","",LEFT(H39,FIND("_",H39,2)-1)) -> 1교육실(실습겸용강의실) | L39: =IF(F39="2","",LEFT(G39,FIND("_",G39,2)-1)) -> 양현수 | N39: =IF(F39="2","",COUNTIF($F$3:$F39,"=1")) -> 33 | O39: =IF(F39="2","",IF(N39<=누적시수1,1,IF(N39<=누적시수2,2,IF(N39<=누적시수3,3,IF(N39<=누적시수4,4,IF(N39<=누적시수5,5,IF(N39<=누적시수6,6,IF(N39<=누적시수7,7,IF(N39<=누적시수8,8,IF(N39<=누적시수9,9,IF(N39<=누적시수10,10,IF(N39<=누적시수11,11,IF(N39<=누적시수12,12,IF(N39<=누적시수13,13,IF(N39<=누적시수14,14,IF(N39<=누적시수15,15,IF(N39<=누적시수16,16,IF(N39<=누적시수17,17,IF(N39<=누적시수18,18,IF(N39<=누적시수19,19,IF(N39<=누적시수20,20,IF(N39<=누적시수21,21,IF(N39<=누적시수22,22,IF(N39<=누적시수23,23,IF(N39<=누적시수24,24,IF(N39<=누적시수25,25,0)))))))))))))))))))))))))) -> 1 | P39: =MOD(ROW(),9) -> 3 | Q39: =COUNTIF($P$3:P39,"=3") -> 5 | R39: =WORKDAY(기본입력!$H$2,Q39-1,공휴일) -> 45926
A40: =TEXT(R40,"yyyymmdd") -> 20250926 | B40: 0900 | C40: 1740 | E40: 1000 | F40: 1 | G40: =IF(OR(N40="",N40>기본입력!$C$34),"",VLOOKUP(O40,기본입력!$A$9:$F$33,5)) -> 양현수_53778 | H40: =IF(OR(N40="",N40>기본입력!$C$34),"",기본입력!$C$6) -> 1교육실(실습겸용강의실)_243089 | I40: =IF(OR(O40="",N40>기본입력!$C$34),"",VLOOKUP(O40,기본입력!$A$9:$F$33,6,FALSE)) -> 웹 애플리케이션 개발__3 | J40: =IF(F40="2","",LEFT(I40,FIND("_",I40,2)-1)) -> 웹 애플리케이션 개발 | K40: =IF(F40="2","",LEFT(H40,FIND("_",H40,2)-1)) -> 1교육실(실습겸용강의실) | L40: =IF(F40="2","",LEFT(G40,FIND("_",G40,2)-1)) -> 양현수 | N40: =IF(F40="2","",COUNTIF($F$3:$F40,"=1")) -> 34 | O40: =IF(F40="2","",IF(N40<=누적시수1,1,IF(N40<=누적시수2,2,IF(N40<=누적시수3,3,IF(N40<=누적시수4,4,IF(N40<=누적시수5,5,IF(N40<=누적시수6,6,IF(N40<=누적시수7,7,IF(N40<=누적시수8,8,IF(N40<=누적시수9,9,IF(N40<=누적시수10,10,IF(N40<=누적시수11,11,IF(N40<=누적시수12,12,IF(N40<=누적시수13,13,IF(N40<=누적시수14,14,IF(N40<=누적시수15,15,IF(N40<=누적시수16,16,IF(N40<=누적시수17,17,IF(N40<=누적시수18,18,IF(N40<=누적시수19,19,IF(N40<=누적시수20,20,IF(N40<=누적시수21,21,IF(N40<=누적시수22,22,IF(N40<=누적시수23,23,IF(N40<=누적시수24,24,IF(N40<=누적시수25,25,0)))))))))))))))))))))))))) -> 1 | P40: =MOD(ROW(),9) -> 4 | Q40: =COUNTIF($P$3:P40,"=3") -> 5 | R40: =WORKDAY(기본입력!$H$2,Q40-1,공휴일) -> 45926
A41: =TEXT(R41,"yyyymmdd") -> 20250926 | B41: 0900 | C41: 1740 | E41: 1100 | F41: 1 | G41: =IF(OR(N41="",N41>기본입력!$C$34),"",VLOOKUP(O41,기본입력!$A$9:$F$33,5)) -> 양현수_53778 | H41: =IF(OR(N41="",N41>기본입력!$C$34),"",기본입력!$C$6) -> 1교육실(실습겸용강의실)_243089 | I41: =IF(OR(O41="",N41>기본입력!$C$34),"",VLOOKUP(O41,기본입력!$A$9:$F$33,6,FALSE)) -> 웹 애플리케이션 개발__3 | J41: =IF(F41="2","",LEFT(I41,FIND("_",I41,2)-1)) -> 웹 애플리케이션 개발 | K41: =IF(F41="2","",LEFT(H41,FIND("_",H41,2)-1)) -> 1교육실(실습겸용강의실) | L41: =IF(F41="2","",LEFT(G41,FIND("_",G41,2)-1)) -> 양현수 | N41: =IF(F41="2","",COUNTIF($F$3:$F41,"=1")) -> 35 | O41: =IF(F41="2","",IF(N41<=누적시수1,1,IF(N41<=누적시수2,2,IF(N41<=누적시수3,3,IF(N41<=누적시수4,4,IF(N41<=누적시수5,5,IF(N41<=누적시수6,6,IF(N41<=누적시수7,7,IF(N41<=누적시수8,8,IF(N41<=누적시수9,9,IF(N41<=누적시수10,10,IF(N41<=누적시수11,11,IF(N41<=누적시수12,12,IF(N41<=누적시수13,13,IF(N41<=누적시수14,14,IF(N41<=누적시수15,15,IF(N41<=누적시수16,16,IF(N41<=누적시수17,17,IF(N41<=누적시수18,18,IF(N41<=누적시수19,19,IF(N41<=누적시수20,20,IF(N41<=누적시수21,21,IF(N41<=누적시수22,22,IF(N41<=누적시수23,23,IF(N41<=누적시수24,24,IF(N41<=누적시수25,25,0)))))))))))))))))))))))))) -> 1 | P41: =MOD(ROW(),9) -> 5 | Q41: =COUNTIF($P$3:P41,"=3") -> 5 | R41: =WORKDAY(기본입력!$H$2,Q41-1,공휴일) -> 45926
A42: =TEXT(R42,"yyyymmdd") -> 20250926 | B42: 0900 | C42: 1740 | E42: 1200 | F42: 1 | G42: =IF(OR(N42="",N42>기본입력!$C$34),"",VLOOKUP(O42,기본입력!$A$9:$F$33,5)) -> 양현수_53778 | H42: =IF(OR(N42="",N42>기본입력!$C$34),"",기본입력!$C$6) -> 1교육실(실습겸용강의실)_243089 | I42: =IF(OR(O42="",N42>기본입력!$C$34),"",VLOOKUP(O42,기본입력!$A$9:$F$33,6,FALSE)) -> 웹 애플리케이션 개발__3 | J42: =IF(F42="2","",LEFT(I42,FIND("_",I42,2)-1)) -> 웹 애플리케이션 개발 | K42: =IF(F42="2","",LEFT(H42,FIND("_",H42,2)-1)) -> 1교육실(실습겸용강의실) | L42: =IF(F42="2","",LEFT(G42,FIND("_",G42,2)-1)) -> 양현수 | N42: =IF(F42="2","",COUNTIF($F$3:$F42,"=1")) -> 36 | O42: =IF(F42="2","",IF(N42<=누적시수1,1,IF(N42<=누적시수2,2,IF(N42<=누적시수3,3,IF(N42<=누적시수4,4,IF(N42<=누적시수5,5,IF(N42<=누적시수6,6,IF(N42<=누적시수7,7,IF(N42<=누적시수8,8,IF(N42<=누적시수9,9,IF(N42<=누적시수10,10,IF(N42<=누적시수11,11,IF(N42<=누적시수12,12,IF(N42<=누적시수13,13,IF(N42<=누적시수14,14,IF(N42<=누적시수15,15,IF(N42<=누적시수16,16,IF(N42<=누적시수17,17,IF(N42<=누적시수18,18,IF(N42<=누적시수19,19,IF(N42<=누적시수20,20,IF(N42<=누적시수21,21,IF(N42<=누적시수22,22,IF(N42<=누적시수23,23,IF(N42<=누적시수24,24,IF(N42<=누적시수25,25,0)))))))))))))))))))))))))) -> 1 | P42: =MOD(ROW(),9) -> 6 | Q42: =COUNTIF($P$3:P42,"=3") -> 5 | R42: =WORKDAY(기본입력!$H$2,Q42-1,공휴일) -> 45926
A43: =TEXT(R43,"yyyymmdd") -> 20250926 | B43: 0900 | C43: 1740 | E43: 1300 | F43: 2 | G43: =IF(OR(N43="",N43>기본입력!$C$34),"",VLOOKUP(O43,기본입력!$A$9:$F$33,5)) | H43: =IF(OR(N43="",N43>기본입력!$C$34),"",기본입력!$C$6) | I43: =IF(OR(O43="",N43>기본입력!$C$34),"",VLOOKUP(O43,기본입력!$A$9:$F$33,6,FALSE)) | J43: =IF(F43="2","",LEFT(I43,FIND("_",I43,2)-1)) | K43: =IF(F43="2","",LEFT(H43,FIND("_",H43,2)-1)) | L43: =IF(F43="2","",LEFT(G43,FIND("_",G43,2)-1)) | N43: =IF(F43="2","",COUNTIF($F$3:$F43,"=1")) | O43: =IF(F43="2","",IF(N43<=누적시수1,1,IF(N43<=누적시수2,2,IF(N43<=누적시수3,3,IF(N43<=누적시수4,4,IF(N43<=누적시수5,5,IF(N43<=누적시수6,6,IF(N43<=누적시수7,7,IF(N43<=누적시수8,8,IF(N43<=누적시수9,9,IF(N43<=누적시수10,10,IF(N43<=누적시수11,11,IF(N43<=누적시수12,12,IF(N43<=누적시수13,13,IF(N43<=누적시수14,14,IF(N43<=누적시수15,15,IF(N43<=누적시수16,16,IF(N43<=누적시수17,17,IF(N43<=누적시수18,18,IF(N43<=누적시수19,19,IF(N43<=누적시수20,20,IF(N43<=누적시수21,21,IF(N43<=누적시수22,22,IF(N43<=누적시수23,23,IF(N43<=누적시수24,24,IF(N43<=누적시수25,25,0)))))))))))))))))))))))))) | P43: =MOD(ROW(),9) -> 7 | Q43: =COUNTIF($P$3:P43,"=3") -> 5 | R43: =WORKDAY(기본입력!$H$2,Q43-1,공휴일) -> 45926
A44: =TEXT(R44,"yyyymmdd") -> 20250926 | B44: 0900 | C44: 1740 | E44: 1340 | F44: 1 | G44: =IF(OR(N44="",N44>기본입력!$C$34),"",VLOOKUP(O44,기본입력!$A$9:$F$33,5)) -> 양현수_53778 | H44: =IF(OR(N44="",N44>기본입력!$C$34),"",기본입력!$C$6) -> 1교육실(실습겸용강의실)_243089 | I44: =IF(OR(O44="",N44>기본입력!$C$34),"",VLOOKUP(O44,기본입력!$A$9:$F$33,6,FALSE)) -> 웹 애플리케이션 개발__3 | J44: =IF(F44="2","",LEFT(I44,FIND("_",I44,2)-1)) -> 웹 애플리케이션 개발 | K44: =IF(F44="2","",LEFT(H44,FIND("_",H44,2)-1)) -> 1교육실(실습겸용강의실) | L44: =IF(F44="2","",LEFT(G44,FIND("_",G44,2)-1)) -> 양현수 | N44: =IF(F44="2","",COUNTIF($F$3:$F44,"=1")) -> 37 | O44: =IF(F44="2","",IF(N44<=누적시수1,1,IF(N44<=누적시수2,2,IF(N44<=누적시수3,3,IF(N44<=누적시수4,4,IF(N44<=누적시수5,5,IF(N44<=누적시수6,6,IF(N44<=누적시수7,7,IF(N44<=누적시수8,8,IF(N44<=누적시수9,9,IF(N44<=누적시수10,10,IF(N44<=누적시수11,11,IF(N44<=누적시수12,12,IF(N44<=누적시수13,13,IF(N44<=누적시수14,14,IF(N44<=누적시수15,15,IF(N44<=누적시수16,16,IF(N44<=누적시수17,17,IF(N44<=누적시수18,18,IF(N44<=누적시수19,19,IF(N44<=누적시수20,20,IF(N44<=누적시수21,21,IF(N44<=누적시수22,22,IF(N44<=누적시수23,23,IF(N44<=누적시수24,24,IF(N44<=누적시수25,25,0)))))))))))))))))))))))))) -> 1 | P44: =MOD(ROW(),9) -> 8 | Q44: =COUNTIF($P$3:P44,"=3") -> 5 | R44: =WORKDAY(기본입력!$H$2,Q44-1,공휴일) -> 45926
A45: =TEXT(R45,"yyyymmdd") -> 20250926 | B45: 0900 | C45: 1740 | E45: 1440 | F45: 1 | G45: =IF(OR(N45="",N45>기본입력!$C$34),"",VLOOKUP(O45,기본입력!$A$9:$F$33,5)) -> 양현수_53778 | H45: =IF(OR(N45="",N45>기본입력!$C$34),"",기본입력!$C$6) -> 1교육실(실습겸용강의실)_243089 | I45: =IF(OR(O45="",N45>기본입력!$C$34),"",VLOOKUP(O45,기본입력!$A$9:$F$33,6,FALSE)) -> 웹 애플리케이션 개발__3 | J45: =IF(F45="2","",LEFT(I45,FIND("_",I45,2)-1)) -> 웹 애플리케이션 개발 | K45: =IF(F45="2","",LEFT(H45,FIND("_",H45,2)-1)) -> 1교육실(실습겸용강의실) | L45: =IF(F45="2","",LEFT(G45,FIND("_",G45,2)-1)) -> 양현수 | N45: =IF(F45="2","",COUNTIF($F$3:$F45,"=1")) -> 38 | O45: =IF(F45="2","",IF(N45<=누적시수1,1,IF(N45<=누적시수2,2,IF(N45<=누적시수3,3,IF(N45<=누적시수4,4,IF(N45<=누적시수5,5,IF(N45<=누적시수6,6,IF(N45<=누적시수7,7,IF(N45<=누적시수8,8,IF(N45<=누적시수9,9,IF(N45<=누적시수10,10,IF(N45<=누적시수11,11,IF(N45<=누적시수12,12,IF(N45<=누적시수13,13,IF(N45<=누적시수14,14,IF(N45<=누적시수15,15,IF(N45<=누적시수16,16,IF(N45<=누적시수17,17,IF(N45<=누적시수18,18,IF(N45<=누적시수19,19,IF(N45<=누적시수20,20,IF(N45<=누적시수21,21,IF(N45<=누적시수22,22,IF(N45<=누적시수23,23,IF(N45<=누적시수24,24,IF(N45<=누적시수25,25,0)))))))))))))))))))))))))) -> 1 | P45: =MOD(ROW(),9) -> 0 | Q45: =COUNTIF($P$3:P45,"=3") -> 5 | R45: =WORKDAY(기본입력!$H$2,Q45-1,공휴일) -> 45926
A46: =TEXT(R46,"yyyymmdd") -> 20250926 | B46: 0900 | C46: 1740 | E46: 1540 | F46: 1 | G46: =IF(OR(N46="",N46>기본입력!$C$34),"",VLOOKUP(O46,기본입력!$A$9:$F$33,5)) -> 양현수_53778 | H46: =IF(OR(N46="",N46>기본입력!$C$34),"",기본입력!$C$6) -> 1교육실(실습겸용강의실)_243089 | I46: =IF(OR(O46="",N46>기본입력!$C$34),"",VLOOKUP(O46,기본입력!$A$9:$F$33,6,FALSE)) -> 웹 애플리케이션 개발__3 | J46: =IF(F46="2","",LEFT(I46,FIND("_",I46,2)-1)) -> 웹 애플리케이션 개발 | K46: =IF(F46="2","",LEFT(H46,FIND("_",H46,2)-1)) -> 1교육실(실습겸용강의실) | L46: =IF(F46="2","",LEFT(G46,FIND("_",G46,2)-1)) -> 양현수 | N46: =IF(F46="2","",COUNTIF($F$3:$F46,"=1")) -> 39 | O46: =IF(F46="2","",IF(N46<=누적시수1,1,IF(N46<=누적시수2,2,IF(N46<=누적시수3,3,IF(N46<=누적시수4,4,IF(N46<=누적시수5,5,IF(N46<=누적시수6,6,IF(N46<=누적시수7,7,IF(N46<=누적시수8,8,IF(N46<=누적시수9,9,IF(N46<=누적시수10,10,IF(N46<=누적시수11,11,IF(N46<=누적시수12,12,IF(N46<=누적시수13,13,IF(N46<=누적시수14,14,IF(N46<=누적시수15,15,IF(N46<=누적시수16,16,IF(N46<=누적시수17,17,IF(N46<=누적시수18,18,IF(N46<=누적시수19,19,IF(N46<=누적시수20,20,IF(N46<=누적시수21,21,IF(N46<=누적시수22,22,IF(N46<=누적시수23,23,IF(N46<=누적시수24,24,IF(N46<=누적시수25,25,0)))))))))))))))))))))))))) -> 1 | P46: =MOD(ROW(),9) -> 1 | Q46: =COUNTIF($P$3:P46,"=3") -> 5 | R46: =WORKDAY(기본입력!$H$2,Q46-1,공휴일) -> 45926
A47: =TEXT(R47,"yyyymmdd") -> 20250926 | B47: 0900 | C47: 1740 | E47: 1640 | F47: 1 | G47: =IF(OR(N47="",N47>기본입력!$C$34),"",VLOOKUP(O47,기본입력!$A$9:$F$33,5)) -> 양현수_53778 | H47: =IF(OR(N47="",N47>기본입력!$C$34),"",기본입력!$C$6) -> 1교육실(실습겸용강의실)_243089 | I47: =IF(OR(O47="",N47>기본입력!$C$34),"",VLOOKUP(O47,기본입력!$A$9:$F$33,6,FALSE)) -> 웹 애플리케이션 개발__3 | J47: =IF(F47="2","",LEFT(I47,FIND("_",I47,2)-1)) -> 웹 애플리케이션 개발 | K47: =IF(F47="2","",LEFT(H47,FIND("_",H47,2)-1)) -> 1교육실(실습겸용강의실) | L47: =IF(F47="2","",LEFT(G47,FIND("_",G47,2)-1)) -> 양현수 | N47: =IF(F47="2","",COUNTIF($F$3:$F47,"=1")) -> 40 | O47: =IF(F47="2","",IF(N47<=누적시수1,1,IF(N47<=누적시수2,2,IF(N47<=누적시수3,3,IF(N47<=누적시수4,4,IF(N47<=누적시수5,5,IF(N47<=누적시수6,6,IF(N47<=누적시수7,7,IF(N47<=누적시수8,8,IF(N47<=누적시수9,9,IF(N47<=누적시수10,10,IF(N47<=누적시수11,11,IF(N47<=누적시수12,12,IF(N47<=누적시수13,13,IF(N47<=누적시수14,14,IF(N47<=누적시수15,15,IF(N47<=누적시수16,16,IF(N47<=누적시수17,17,IF(N47<=누적시수18,18,IF(N47<=누적시수19,19,IF(N47<=누적시수20,20,IF(N47<=누적시수21,21,IF(N47<=누적시수22,22,IF(N47<=누적시수23,23,IF(N47<=누적시수24,24,IF(N47<=누적시수25,25,0)))))))))))))))))))))))))) -> 1 | P47: =MOD(ROW(),9) -> 2 | Q47: =COUNTIF($P$3:P47,"=3") -> 5 | R47: =WORKDAY(기본입력!$H$2,Q47-1,공휴일) -> 45926
A48: =TEXT(R48,"yyyymmdd") -> 20250929 | B48: 0900 | C48: 1740 | E48: 0900 | F48: 1 | G48: =IF(OR(N48="",N48>기본입력!$C$34),"",VLOOKUP(O48,기본입력!$A$9:$F$33,5)) -> 양현수_53778 | H48: =IF(OR(N48="",N48>기본입력!$C$34),"",기본입력!$C$6) -> 1교육실(실습겸용강의실)_243089 | I48: =IF(OR(O48="",N48>기본입력!$C$34),"",VLOOKUP(O48,기본입력!$A$9:$F$33,6,FALSE)) -> 웹 애플리케이션 개발__3 | J48: =IF(F48="2","",LEFT(I48,FIND("_",I48,2)-1)) -> 웹 애플리케이션 개발 | K48: =IF(F48="2","",LEFT(H48,FIND("_",H48,2)-1)) -> 1교육실(실습겸용강의실) | L48: =IF(F48="2","",LEFT(G48,FIND("_",G48,2)-1)) -> 양현수 | N48: =IF(F48="2","",COUNTIF($F$3:$F48,"=1")) -> 41 | O48: =IF(F48="2","",IF(N48<=누적시수1,1,IF(N48<=누적시수2,2,IF(N48<=누적시수3,3,IF(N48<=누적시수4,4,IF(N48<=누적시수5,5,IF(N48<=누적시수6,6,IF(N48<=누적시수7,7,IF(N48<=누적시수8,8,IF(N48<=누적시수9,9,IF(N48<=누적시수10,10,IF(N48<=누적시수11,11,IF(N48<=누적시수12,12,IF(N48<=누적시수13,13,IF(N48<=누적시수14,14,IF(N48<=누적시수15,15,IF(N48<=누적시수16,16,IF(N48<=누적시수17,17,IF(N48<=누적시수18,18,IF(N48<=누적시수19,19,IF(N48<=누적시수20,20,IF(N48<=누적시수21,21,IF(N48<=누적시수22,22,IF(N48<=누적시수23,23,IF(N48<=누적시수24,24,IF(N48<=누적시수25,25,0)))))))))))))))))))))))))) -> 1 | P48: =MOD(ROW(),9) -> 3 | Q48: =COUNTIF($P$3:P48,"=3") -> 6 | R48: =WORKDAY(기본입력!$H$2,Q48-1,공휴일) -> 45929
A49: =TEXT(R49,"yyyymmdd") -> 20250929 | B49: 0900 | C49: 1740 | E49: 1000 | F49: 1 | G49: =IF(OR(N49="",N49>기본입력!$C$34),"",VLOOKUP(O49,기본입력!$A$9:$F$33,5)) -> 양현수_53778 | H49: =IF(OR(N49="",N49>기본입력!$C$34),"",기본입력!$C$6) -> 1교육실(실습겸용강의실)_243089 | I49: =IF(OR(O49="",N49>기본입력!$C$34),"",VLOOKUP(O49,기본입력!$A$9:$F$33,6,FALSE)) -> 웹 애플리케이션 개발__3 | J49: =IF(F49="2","",LEFT(I49,FIND("_",I49,2)-1)) -> 웹 애플리케이션 개발 | K49: =IF(F49="2","",LEFT(H49,FIND("_",H49,2)-1)) -> 1교육실(실습겸용강의실) | L49: =IF(F49="2","",LEFT(G49,FIND("_",G49,2)-1)) -> 양현수 | N49: =IF(F49="2","",COUNTIF($F$3:$F49,"=1")) -> 42 | O49: =IF(F49="2","",IF(N49<=누적시수1,1,IF(N49<=누적시수2,2,IF(N49<=누적시수3,3,IF(N49<=누적시수4,4,IF(N49<=누적시수5,5,IF(N49<=누적시수6,6,IF(N49<=누적시수7,7,IF(N49<=누적시수8,8,IF(N49<=누적시수9,9,IF(N49<=누적시수10,10,IF(N49<=누적시수11,11,IF(N49<=누적시수12,12,IF(N49<=누적시수13,13,IF(N49<=누적시수14,14,IF(N49<=누적시수15,15,IF(N49<=누적시수16,16,IF(N49<=누적시수17,17,IF(N49<=누적시수18,18,IF(N49<=누적시수19,19,IF(N49<=누적시수20,20,IF(N49<=누적시수21,21,IF(N49<=누적시수22,22,IF(N49<=누적시수23,23,IF(N49<=누적시수24,24,IF(N49<=누적시수25,25,0)))))))))))))))))))))))))) -> 1 | P49: =MOD(ROW(),9) -> 4 | Q49: =COUNTIF($P$3:P49,"=3") -> 6 | R49: =WORKDAY(기본입력!$H$2,Q49-1,공휴일) -> 45929
A50: =TEXT(R50,"yyyymmdd") -> 20250929 | B50: 0900 | C50: 1740 | E50: 1100 | F50: 1 | G50: =IF(OR(N50="",N50>기본입력!$C$34),"",VLOOKUP(O50,기본입력!$A$9:$F$33,5)) -> 양현수_53778 | H50: =IF(OR(N50="",N50>기본입력!$C$34),"",기본입력!$C$6) -> 1교육실(실습겸용강의실)_243089 | I50: =IF(OR(O50="",N50>기본입력!$C$34),"",VLOOKUP(O50,기본입력!$A$9:$F$33,6,FALSE)) -> 웹 애플리케이션 개발__3 | J50: =IF(F50="2","",LEFT(I50,FIND("_",I50,2)-1)) -> 웹 애플리케이션 개발 | K50: =IF(F50="2","",LEFT(H50,FIND("_",H50,2)-1)) -> 1교육실(실습겸용강의실) | L50: =IF(F50="2","",LEFT(G50,FIND("_",G50,2)-1)) -> 양현수 | N50: =IF(F50="2","",COUNTIF($F$3:$F50,"=1")) -> 43 | O50: =IF(F50="2","",IF(N50<=누적시수1,1,IF(N50<=누적시수2,2,IF(N50<=누적시수3,3,IF(N50<=누적시수4,4,IF(N50<=누적시수5,5,IF(N50<=누적시수6,6,IF(N50<=누적시수7,7,IF(N50<=누적시수8,8,IF(N50<=누적시수9,9,IF(N50<=누적시수10,10,IF(N50<=누적시수11,11,IF(N50<=누적시수12,12,IF(N50<=누적시수13,13,IF(N50<=누적시수14,14,IF(N50<=누적시수15,15,IF(N50<=누적시수16,16,IF(N50<=누적시수17,17,IF(N50<=누적시수18,18,IF(N50<=누적시수19,19,IF(N50<=누적시수20,20,IF(N50<=누적시수21,21,IF(N50<=누적시수22,22,IF(N50<=누적시수23,23,IF(N50<=누적시수24,24,IF(N50<=누적시수25,25,0)))))))))))))))))))))))))) -> 1 | P50: =MOD(ROW(),9) -> 5 | Q50: =COUNTIF($P$3:P50,"=3") -> 6 | R50: =WORKDAY(기본입력!$H$2,Q50-1,공휴일) -> 45929
A51: =TEXT(R51,"yyyymmdd") -> 20250929 | B51: 0900 | C51: 1740 | E51: 1200 | F51: 1 | G51: =IF(OR(N51="",N51>기본입력!$C$34),"",VLOOKUP(O51,기본입력!$A$9:$F$33,5)) -> 양현수_53778 | H51: =IF(OR(N51="",N51>기본입력!$C$34),"",기본입력!$C$6) -> 1교육실(실습겸용강의실)_243089 | I51: =IF(OR(O51="",N51>기본입력!$C$34),"",VLOOKUP(O51,기본입력!$A$9:$F$33,6,FALSE)) -> 웹 애플리케이션 개발__3 | J51: =IF(F51="2","",LEFT(I51,FIND("_",I51,2)-1)) -> 웹 애플리케이션 개발 | K51: =IF(F51="2","",LEFT(H51,FIND("_",H51,2)-1)) -> 1교육실(실습겸용강의실) | L51: =IF(F51="2","",LEFT(G51,FIND("_",G51,2)-1)) -> 양현수 | N51: =IF(F51="2","",COUNTIF($F$3:$F51,"=1")) -> 44 | O51: =IF(F51="2","",IF(N51<=누적시수1,1,IF(N51<=누적시수2,2,IF(N51<=누적시수3,3,IF(N51<=누적시수4,4,IF(N51<=누적시수5,5,IF(N51<=누적시수6,6,IF(N51<=누적시수7,7,IF(N51<=누적시수8,8,IF(N51<=누적시수9,9,IF(N51<=누적시수10,10,IF(N51<=누적시수11,11,IF(N51<=누적시수12,12,IF(N51<=누적시수13,13,IF(N51<=누적시수14,14,IF(N51<=누적시수15,15,IF(N51<=누적시수16,16,IF(N51<=누적시수17,17,IF(N51<=누적시수18,18,IF(N51<=누적시수19,19,IF(N51<=누적시수20,20,IF(N51<=누적시수21,21,IF(N51<=누적시수22,22,IF(N51<=누적시수23,23,IF(N51<=누적시수24,24,IF(N51<=누적시수25,25,0)))))))))))))))))))))))))) -> 1 | P51: =MOD(ROW(),9) -> 6 | Q51: =COUNTIF($P$3:P51,"=3") -> 6 | R51: =WORKDAY(기본입력!$H$2,Q51-1,공휴일) -> 45929
A52: =TEXT(R52,"yyyymmdd") -> 20250929 | B52: 0900 | C52: 1740 | E52: 1300 | F52: 2 | G52: =IF(OR(N52="",N52>기본입력!$C$34),"",VLOOKUP(O52,기본입력!$A$9:$F$33,5)) | H52: =IF(OR(N52="",N52>기본입력!$C$34),"",기본입력!$C$6) | I52: =IF(OR(O52="",N52>기본입력!$C$34),"",VLOOKUP(O52,기본입력!$A$9:$F$33,6,FALSE)) | J52: =IF(F52="2","",LEFT(I52,FIND("_",I52,2)-1)) | K52: =IF(F52="2","",LEFT(H52,FIND("_",H52,2)-1)) | L52: =IF(F52="2","",LEFT(G52,FIND("_",G52,2)-1)) | N52: =IF(F52="2","",COUNTIF($F$3:$F52,"=1")) | O52: =IF(F52="2","",IF(N52<=누적시수1,1,IF(N52<=누적시수2,2,IF(N52<=누적시수3,3,IF(N52<=누적시수4,4,IF(N52<=누적시수5,5,IF(N52<=누적시수6,6,IF(N52<=누적시수7,7,IF(N52<=누적시수8,8,IF(N52<=누적시수9,9,IF(N52<=누적시수10,10,IF(N52<=누적시수11,11,IF(N52<=누적시수12,12,IF(N52<=누적시수13,13,IF(N52<=누적시수14,14,IF(N52<=누적시수15,15,IF(N52<=누적시수16,16,IF(N52<=누적시수17,17,IF(N52<=누적시수18,18,IF(N52<=누적시수19,19,IF(N52<=누적시수20,20,IF(N52<=누적시수21,21,IF(N52<=누적시수22,22,IF(N52<=누적시수23,23,IF(N52<=누적시수24,24,IF(N52<=누적시수25,25,0)))))))))))))))))))))))))) | P52: =MOD(ROW(),9) -> 7 | Q52: =COUNTIF($P$3:P52,"=3") -> 6 | R52: =WORKDAY(기본입력!$H$2,Q52-1,공휴일) -> 45929
A53: =TEXT(R53,"yyyymmdd") -> 20250929 | B53: 0900 | C53: 1740 | E53: 1340 | F53: 1 | G53: =IF(OR(N53="",N53>기본입력!$C$34),"",VLOOKUP(O53,기본입력!$A$9:$F$33,5)) -> 양현수_53778 | H53: =IF(OR(N53="",N53>기본입력!$C$34),"",기본입력!$C$6) -> 1교육실(실습겸용강의실)_243089 | I53: =IF(OR(O53="",N53>기본입력!$C$34),"",VLOOKUP(O53,기본입력!$A$9:$F$33,6,FALSE)) -> 웹 애플리케이션 개발__3 | J53: =IF(F53="2","",LEFT(I53,FIND("_",I53,2)-1)) -> 웹 애플리케이션 개발 | K53: =IF(F53="2","",LEFT(H53,FIND("_",H53,2)-1)) -> 1교육실(실습겸용강의실) | L53: =IF(F53="2","",LEFT(G53,FIND("_",G53,2)-1)) -> 양현수 | N53: =IF(F53="2","",COUNTIF($F$3:$F53,"=1")) -> 45 | O53: =IF(F53="2","",IF(N53<=누적시수1,1,IF(N53<=누적시수2,2,IF(N53<=누적시수3,3,IF(N53<=누적시수4,4,IF(N53<=누적시수5,5,IF(N53<=누적시수6,6,IF(N53<=누적시수7,7,IF(N53<=누적시수8,8,IF(N53<=누적시수9,9,IF(N53<=누적시수10,10,IF(N53<=누적시수11,11,IF(N53<=누적시수12,12,IF(N53<=누적시수13,13,IF(N53<=누적시수14,14,IF(N53<=누적시수15,15,IF(N53<=누적시수16,16,IF(N53<=누적시수17,17,IF(N53<=누적시수18,18,IF(N53<=누적시수19,19,IF(N53<=누적시수20,20,IF(N53<=누적시수21,21,IF(N53<=누적시수22,22,IF(N53<=누적시수23,23,IF(N53<=누적시수24,24,IF(N53<=누적시수25,25,0)))))))))))))))))))))))))) -> 1 | P53: =MOD(ROW(),9) -> 8 | Q53: =COUNTIF($P$3:P53,"=3") -> 6 | R53: =WORKDAY(기본입력!$H$2,Q53-1,공휴일) -> 45929
A54: =TEXT(R54,"yyyymmdd") -> 20250929 | B54: 0900 | C54: 1740 | E54: 1440 | F54: 1 | G54: =IF(OR(N54="",N54>기본입력!$C$34),"",VLOOKUP(O54,기본입력!$A$9:$F$33,5)) -> 양현수_53778 | H54: =IF(OR(N54="",N54>기본입력!$C$34),"",기본입력!$C$6) -> 1교육실(실습겸용강의실)_243089 | I54: =IF(OR(O54="",N54>기본입력!$C$34),"",VLOOKUP(O54,기본입력!$A$9:$F$33,6,FALSE)) -> 웹 애플리케이션 개발__3 | J54: =IF(F54="2","",LEFT(I54,FIND("_",I54,2)-1)) -> 웹 애플리케이션 개발 | K54: =IF(F54="2","",LEFT(H54,FIND("_",H54,2)-1)) -> 1교육실(실습겸용강의실) | L54: =IF(F54="2","",LEFT(G54,FIND("_",G54,2)-1)) -> 양현수 | N54: =IF(F54="2","",COUNTIF($F$3:$F54,"=1")) -> 46 | O54: =IF(F54="2","",IF(N54<=누적시수1,1,IF(N54<=누적시수2,2,IF(N54<=누적시수3,3,IF(N54<=누적시수4,4,IF(N54<=누적시수5,5,IF(N54<=누적시수6,6,IF(N54<=누적시수7,7,IF(N54<=누적시수8,8,IF(N54<=누적시수9,9,IF(N54<=누적시수10,10,IF(N54<=누적시수11,11,IF(N54<=누적시수12,12,IF(N54<=누적시수13,13,IF(N54<=누적시수14,14,IF(N54<=누적시수15,15,IF(N54<=누적시수16,16,IF(N54<=누적시수17,17,IF(N54<=누적시수18,18,IF(N54<=누적시수19,19,IF(N54<=누적시수20,20,IF(N54<=누적시수21,21,IF(N54<=누적시수22,22,IF(N54<=누적시수23,23,IF(N54<=누적시수24,24,IF(N54<=누적시수25,25,0)))))))))))))))))))))))))) -> 1 | P54: =MOD(ROW(),9) -> 0 | Q54: =COUNTIF($P$3:P54,"=3") -> 6 | R54: =WORKDAY(기본입력!$H$2,Q54-1,공휴일) -> 45929
A55: =TEXT(R55,"yyyymmdd") -> 20250929 | B55: 0900 | C55: 1740 | E55: 1540 | F55: 1 | G55: =IF(OR(N55="",N55>기본입력!$C$34),"",VLOOKUP(O55,기본입력!$A$9:$F$33,5)) -> 양현수_53778 | H55: =IF(OR(N55="",N55>기본입력!$C$34),"",기본입력!$C$6) -> 1교육실(실습겸용강의실)_243089 | I55: =IF(OR(O55="",N55>기본입력!$C$34),"",VLOOKUP(O55,기본입력!$A$9:$F$33,6,FALSE)) -> 웹 애플리케이션 개발__3 | J55: =IF(F55="2","",LEFT(I55,FIND("_",I55,2)-1)) -> 웹 애플리케이션 개발 | K55: =IF(F55="2","",LEFT(H55,FIND("_",H55,2)-1)) -> 1교육실(실습겸용강의실) | L55: =IF(F55="2","",LEFT(G55,FIND("_",G55,2)-1)) -> 양현수 | N55: =IF(F55="2","",COUNTIF($F$3:$F55,"=1")) -> 47 | O55: =IF(F55="2","",IF(N55<=누적시수1,1,IF(N55<=누적시수2,2,IF(N55<=누적시수3,3,IF(N55<=누적시수4,4,IF(N55<=누적시수5,5,IF(N55<=누적시수6,6,IF(N55<=누적시수7,7,IF(N55<=누적시수8,8,IF(N55<=누적시수9,9,IF(N55<=누적시수10,10,IF(N55<=누적시수11,11,IF(N55<=누적시수12,12,IF(N55<=누적시수13,13,IF(N55<=누적시수14,14,IF(N55<=누적시수15,15,IF(N55<=누적시수16,16,IF(N55<=누적시수17,17,IF(N55<=누적시수18,18,IF(N55<=누적시수19,19,IF(N55<=누적시수20,20,IF(N55<=누적시수21,21,IF(N55<=누적시수22,22,IF(N55<=누적시수23,23,IF(N55<=누적시수24,24,IF(N55<=누적시수25,25,0)))))))))))))))))))))))))) -> 1 | P55: =MOD(ROW(),9) -> 1 | Q55: =COUNTIF($P$3:P55,"=3") -> 6 | R55: =WORKDAY(기본입력!$H$2,Q55-1,공휴일) -> 45929
A56: =TEXT(R56,"yyyymmdd") -> 20250929 | B56: 0900 | C56: 1740 | E56: 1640 | F56: 1 | G56: =IF(OR(N56="",N56>기본입력!$C$34),"",VLOOKUP(O56,기본입력!$A$9:$F$33,5)) -> 양현수_53778 | H56: =IF(OR(N56="",N56>기본입력!$C$34),"",기본입력!$C$6) -> 1교육실(실습겸용강의실)_243089 | I56: =IF(OR(O56="",N56>기본입력!$C$34),"",VLOOKUP(O56,기본입력!$A$9:$F$33,6,FALSE)) -> 웹 애플리케이션 개발__3 | J56: =IF(F56="2","",LEFT(I56,FIND("_",I56,2)-1)) -> 웹 애플리케이션 개발 | K56: =IF(F56="2","",LEFT(H56,FIND("_",H56,2)-1)) -> 1교육실(실습겸용강의실) | L56: =IF(F56="2","",LEFT(G56,FIND("_",G56,2)-1)) -> 양현수 | N56: =IF(F56="2","",COUNTIF($F$3:$F56,"=1")) -> 48 | O56: =IF(F56="2","",IF(N56<=누적시수1,1,IF(N56<=누적시수2,2,IF(N56<=누적시수3,3,IF(N56<=누적시수4,4,IF(N56<=누적시수5,5,IF(N56<=누적시수6,6,IF(N56<=누적시수7,7,IF(N56<=누적시수8,8,IF(N56<=누적시수9,9,IF(N56<=누적시수10,10,IF(N56<=누적시수11,11,IF(N56<=누적시수12,12,IF(N56<=누적시수13,13,IF(N56<=누적시수14,14,IF(N56<=누적시수15,15,IF(N56<=누적시수16,16,IF(N56<=누적시수17,17,IF(N56<=누적시수18,18,IF(N56<=누적시수19,19,IF(N56<=누적시수20,20,IF(N56<=누적시수21,21,IF(N56<=누적시수22,22,IF(N56<=누적시수23,23,IF(N56<=누적시수24,24,IF(N56<=누적시수25,25,0)))))))))))))))))))))))))) -> 1 | P56: =MOD(ROW(),9) -> 2 | Q56: =COUNTIF($P$3:P56,"=3") -> 6 | R56: =WORKDAY(기본입력!$H$2,Q56-1,공휴일) -> 45929
A57: =TEXT(R57,"yyyymmdd") -> 20250930 | B57: 0900 | C57: 1740 | E57: 0900 | F57: 1 | G57: =IF(OR(N57="",N57>기본입력!$C$34),"",VLOOKUP(O57,기본입력!$A$9:$F$33,5)) -> 양현수_53778 | H57: =IF(OR(N57="",N57>기본입력!$C$34),"",기본입력!$C$6) -> 1교육실(실습겸용강의실)_243089 | I57: =IF(OR(O57="",N57>기본입력!$C$34),"",VLOOKUP(O57,기본입력!$A$9:$F$33,6,FALSE)) -> 웹 애플리케이션 개발__3 | J57: =IF(F57="2","",LEFT(I57,FIND("_",I57,2)-1)) -> 웹 애플리케이션 개발 | K57: =IF(F57="2","",LEFT(H57,FIND("_",H57,2)-1)) -> 1교육실(실습겸용강의실) | L57: =IF(F57="2","",LEFT(G57,FIND("_",G57,2)-1)) -> 양현수 | N57: =IF(F57="2","",COUNTIF($F$3:$F57,"=1")) -> 49 | O57: =IF(F57="2","",IF(N57<=누적시수1,1,IF(N57<=누적시수2,2,IF(N57<=누적시수3,3,IF(N57<=누적시수4,4,IF(N57<=누적시수5,5,IF(N57<=누적시수6,6,IF(N57<=누적시수7,7,IF(N57<=누적시수8,8,IF(N57<=누적시수9,9,IF(N57<=누적시수10,10,IF(N57<=누적시수11,11,IF(N57<=누적시수12,12,IF(N57<=누적시수13,13,IF(N57<=누적시수14,14,IF(N57<=누적시수15,15,IF(N57<=누적시수16,16,IF(N57<=누적시수17,17,IF(N57<=누적시수18,18,IF(N57<=누적시수19,19,IF(N57<=누적시수20,20,IF(N57<=누적시수21,21,IF(N57<=누적시수22,22,IF(N57<=누적시수23,23,IF(N57<=누적시수24,24,IF(N57<=누적시수25,25,0)))))))))))))))))))))))))) -> 1 | P57: =MOD(ROW(),9) -> 3 | Q57: =COUNTIF($P$3:P57,"=3") -> 7 | R57: =WORKDAY(기본입력!$H$2,Q57-1,공휴일) -> 45930
A58: =TEXT(R58,"yyyymmdd") -> 20250930 | B58: 0900 | C58: 1740 | E58: 1000 | F58: 1 | G58: =IF(OR(N58="",N58>기본입력!$C$34),"",VLOOKUP(O58,기본입력!$A$9:$F$33,5)) -> 양현수_53778 | H58: =IF(OR(N58="",N58>기본입력!$C$34),"",기본입력!$C$6) -> 1교육실(실습겸용강의실)_243089 | I58: =IF(OR(O58="",N58>기본입력!$C$34),"",VLOOKUP(O58,기본입력!$A$9:$F$33,6,FALSE)) -> 웹 애플리케이션 개발__3 | J58: =IF(F58="2","",LEFT(I58,FIND("_",I58,2)-1)) -> 웹 애플리케이션 개발 | K58: =IF(F58="2","",LEFT(H58,FIND("_",H58,2)-1)) -> 1교육실(실습겸용강의실) | L58: =IF(F58="2","",LEFT(G58,FIND("_",G58,2)-1)) -> 양현수 | N58: =IF(F58="2","",COUNTIF($F$3:$F58,"=1")) -> 50 | O58: =IF(F58="2","",IF(N58<=누적시수1,1,IF(N58<=누적시수2,2,IF(N58<=누적시수3,3,IF(N58<=누적시수4,4,IF(N58<=누적시수5,5,IF(N58<=누적시수6,6,IF(N58<=누적시수7,7,IF(N58<=누적시수8,8,IF(N58<=누적시수9,9,IF(N58<=누적시수10,10,IF(N58<=누적시수11,11,IF(N58<=누적시수12,12,IF(N58<=누적시수13,13,IF(N58<=누적시수14,14,IF(N58<=누적시수15,15,IF(N58<=누적시수16,16,IF(N58<=누적시수17,17,IF(N58<=누적시수18,18,IF(N58<=누적시수19,19,IF(N58<=누적시수20,20,IF(N58<=누적시수21,21,IF(N58<=누적시수22,22,IF(N58<=누적시수23,23,IF(N58<=누적시수24,24,IF(N58<=누적시수25,25,0)))))))))))))))))))))))))) -> 1 | P58: =MOD(ROW(),9) -> 4 | Q58: =COUNTIF($P$3:P58,"=3") -> 7 | R58: =WORKDAY(기본입력!$H$2,Q58-1,공휴일) -> 45930
A59: =TEXT(R59,"yyyymmdd") -> 20250930 | B59: 0900 | C59: 1740 | E59: 1100 | F59: 1 | G59: =IF(OR(N59="",N59>기본입력!$C$34),"",VLOOKUP(O59,기본입력!$A$9:$F$33,5)) -> 양현수_53778 | H59: =IF(OR(N59="",N59>기본입력!$C$34),"",기본입력!$C$6) -> 1교육실(실습겸용강의실)_243089 | I59: =IF(OR(O59="",N59>기본입력!$C$34),"",VLOOKUP(O59,기본입력!$A$9:$F$33,6,FALSE)) -> 웹 애플리케이션 개발__3 | J59: =IF(F59="2","",LEFT(I59,FIND("_",I59,2)-1)) -> 웹 애플리케이션 개발 | K59: =IF(F59="2","",LEFT(H59,FIND("_",H59,2)-1)) -> 1교육실(실습겸용강의실) | L59: =IF(F59="2","",LEFT(G59,FIND("_",G59,2)-1)) -> 양현수 | N59: =IF(F59="2","",COUNTIF($F$3:$F59,"=1")) -> 51 | O59: =IF(F59="2","",IF(N59<=누적시수1,1,IF(N59<=누적시수2,2,IF(N59<=누적시수3,3,IF(N59<=누적시수4,4,IF(N59<=누적시수5,5,IF(N59<=누적시수6,6,IF(N59<=누적시수7,7,IF(N59<=누적시수8,8,IF(N59<=누적시수9,9,IF(N59<=누적시수10,10,IF(N59<=누적시수11,11,IF(N59<=누적시수12,12,IF(N59<=누적시수13,13,IF(N59<=누적시수14,14,IF(N59<=누적시수15,15,IF(N59<=누적시수16,16,IF(N59<=누적시수17,17,IF(N59<=누적시수18,18,IF(N59<=누적시수19,19,IF(N59<=누적시수20,20,IF(N59<=누적시수21,21,IF(N59<=누적시수22,22,IF(N59<=누적시수23,23,IF(N59<=누적시수24,24,IF(N59<=누적시수25,25,0)))))))))))))))))))))))))) -> 1 | P59: =MOD(ROW(),9) -> 5 | Q59: =COUNTIF($P$3:P59,"=3") -> 7 | R59: =WORKDAY(기본입력!$H$2,Q59-1,공휴일) -> 45930
A60: =TEXT(R60,"yyyymmdd") -> 20250930 | B60: 0900 | C60: 1740 | E60: 1200 | F60: 1 | G60: =IF(OR(N60="",N60>기본입력!$C$34),"",VLOOKUP(O60,기본입력!$A$9:$F$33,5)) -> 양현수_53778 | H60: =IF(OR(N60="",N60>기본입력!$C$34),"",기본입력!$C$6) -> 1교육실(실습겸용강의실)_243089 | I60: =IF(OR(O60="",N60>기본입력!$C$34),"",VLOOKUP(O60,기본입력!$A$9:$F$33,6,FALSE)) -> 웹 애플리케이션 개발__3 | J60: =IF(F60="2","",LEFT(I60,FIND("_",I60,2)-1)) -> 웹 애플리케이션 개발 | K60: =IF(F60="2","",LEFT(H60,FIND("_",H60,2)-1)) -> 1교육실(실습겸용강의실) | L60: =IF(F60="2","",LEFT(G60,FIND("_",G60,2)-1)) -> 양현수 | N60: =IF(F60="2","",COUNTIF($F$3:$F60,"=1")) -> 52 | O60: =IF(F60="2","",IF(N60<=누적시수1,1,IF(N60<=누적시수2,2,IF(N60<=누적시수3,3,IF(N60<=누적시수4,4,IF(N60<=누적시수5,5,IF(N60<=누적시수6,6,IF(N60<=누적시수7,7,IF(N60<=누적시수8,8,IF(N60<=누적시수9,9,IF(N60<=누적시수10,10,IF(N60<=누적시수11,11,IF(N60<=누적시수12,12,IF(N60<=누적시수13,13,IF(N60<=누적시수14,14,IF(N60<=누적시수15,15,IF(N60<=누적시수16,16,IF(N60<=누적시수17,17,IF(N60<=누적시수18,18,IF(N60<=누적시수19,19,IF(N60<=누적시수20,20,IF(N60<=누적시수21,21,IF(N60<=누적시수22,22,IF(N60<=누적시수23,23,IF(N60<=누적시수24,24,IF(N60<=누적시수25,25,0)))))))))))))))))))))))))) -> 1 | P60: =MOD(ROW(),9) -> 6 | Q60: =COUNTIF($P$3:P60,"=3") -> 7 | R60: =WORKDAY(기본입력!$H$2,Q60-1,공휴일) -> 45930
A61: =TEXT(R61,"yyyymmdd") -> 20250930 | B61: 0900 | C61: 1740 | E61: 1300 | F61: 2 | G61: =IF(OR(N61="",N61>기본입력!$C$34),"",VLOOKUP(O61,기본입력!$A$9:$F$33,5)) | H61: =IF(OR(N61="",N61>기본입력!$C$34),"",기본입력!$C$6) | I61: =IF(OR(O61="",N61>기본입력!$C$34),"",VLOOKUP(O61,기본입력!$A$9:$F$33,6,FALSE)) | J61: =IF(F61="2","",LEFT(I61,FIND("_",I61,2)-1)) | K61: =IF(F61="2","",LEFT(H61,FIND("_",H61,2)-1)) | L61: =IF(F61="2","",LEFT(G61,FIND("_",G61,2)-1)) | N61: =IF(F61="2","",COUNTIF($F$3:$F61,"=1")) | O61: =IF(F61="2","",IF(N61<=누적시수1,1,IF(N61<=누적시수2,2,IF(N61<=누적시수3,3,IF(N61<=누적시수4,4,IF(N61<=누적시수5,5,IF(N61<=누적시수6,6,IF(N61<=누적시수7,7,IF(N61<=누적시수8,8,IF(N61<=누적시수9,9,IF(N61<=누적시수10,10,IF(N61<=누적시수11,11,IF(N61<=누적시수12,12,IF(N61<=누적시수13,13,IF(N61<=누적시수14,14,IF(N61<=누적시수15,15,IF(N61<=누적시수16,16,IF(N61<=누적시수17,17,IF(N61<=누적시수18,18,IF(N61<=누적시수19,19,IF(N61<=누적시수20,20,IF(N61<=누적시수21,21,IF(N61<=누적시수22,22,IF(N61<=누적시수23,23,IF(N61<=누적시수24,24,IF(N61<=누적시수25,25,0)))))))))))))))))))))))))) | P61: =MOD(ROW(),9) -> 7 | Q61: =COUNTIF($P$3:P61,"=3") -> 7 | R61: =WORKDAY(기본입력!$H$2,Q61-1,공휴일) -> 45930
A62: =TEXT(R62,"yyyymmdd") -> 20250930 | B62: 0900 | C62: 1740 | E62: 1340 | F62: 1 | G62: =IF(OR(N62="",N62>기본입력!$C$34),"",VLOOKUP(O62,기본입력!$A$9:$F$33,5)) -> 양현수_53778 | H62: =IF(OR(N62="",N62>기본입력!$C$34),"",기본입력!$C$6) -> 1교육실(실습겸용강의실)_243089 | I62: =IF(OR(O62="",N62>기본입력!$C$34),"",VLOOKUP(O62,기본입력!$A$9:$F$33,6,FALSE)) -> 웹 애플리케이션 개발__3 | J62: =IF(F62="2","",LEFT(I62,FIND("_",I62,2)-1)) -> 웹 애플리케이션 개발 | K62: =IF(F62="2","",LEFT(H62,FIND("_",H62,2)-1)) -> 1교육실(실습겸용강의실) | L62: =IF(F62="2","",LEFT(G62,FIND("_",G62,2)-1)) -> 양현수 | N62: =IF(F62="2","",COUNTIF($F$3:$F62,"=1")) -> 53 | O62: =IF(F62="2","",IF(N62<=누적시수1,1,IF(N62<=누적시수2,2,IF(N62<=누적시수3,3,IF(N62<=누적시수4,4,IF(N62<=누적시수5,5,IF(N62<=누적시수6,6,IF(N62<=누적시수7,7,IF(N62<=누적시수8,8,IF(N62<=누적시수9,9,IF(N62<=누적시수10,10,IF(N62<=누적시수11,11,IF(N62<=누적시수12,12,IF(N62<=누적시수13,13,IF(N62<=누적시수14,14,IF(N62<=누적시수15,15,IF(N62<=누적시수16,16,IF(N62<=누적시수17,17,IF(N62<=누적시수18,18,IF(N62<=누적시수19,19,IF(N62<=누적시수20,20,IF(N62<=누적시수21,21,IF(N62<=누적시수22,22,IF(N62<=누적시수23,23,IF(N62<=누적시수24,24,IF(N62<=누적시수25,25,0)))))))))))))))))))))))))) -> 1 | P62: =MOD(ROW(),9) -> 8 | Q62: =COUNTIF($P$3:P62,"=3") -> 7 | R62: =WORKDAY(기본입력!$H$2,Q62-1,공휴일) -> 45930
A63: =TEXT(R63,"yyyymmdd") -> 20250930 | B63: 0900 | C63: 1740 | E63: 1440 | F63: 1 | G63: =IF(OR(N63="",N63>기본입력!$C$34),"",VLOOKUP(O63,기본입력!$A$9:$F$33,5)) -> 양현수_53778 | H63: =IF(OR(N63="",N63>기본입력!$C$34),"",기본입력!$C$6) -> 1교육실(실습겸용강의실)_243089 | I63: =IF(OR(O63="",N63>기본입력!$C$34),"",VLOOKUP(O63,기본입력!$A$9:$F$33,6,FALSE)) -> 웹 애플리케이션 개발__3 | J63: =IF(F63="2","",LEFT(I63,FIND("_",I63,2)-1)) -> 웹 애플리케이션 개발 | K63: =IF(F63="2","",LEFT(H63,FIND("_",H63,2)-1)) -> 1교육실(실습겸용강의실) | L63: =IF(F63="2","",LEFT(G63,FIND("_",G63,2)-1)) -> 양현수 | N63: =IF(F63="2","",COUNTIF($F$3:$F63,"=1")) -> 54 | O63: =IF(F63="2","",IF(N63<=누적시수1,1,IF(N63<=누적시수2,2,IF(N63<=누적시수3,3,IF(N63<=누적시수4,4,IF(N63<=누적시수5,5,IF(N63<=누적시수6,6,IF(N63<=누적시수7,7,IF(N63<=누적시수8,8,IF(N63<=누적시수9,9,IF(N63<=누적시수10,10,IF(N63<=누적시수11,11,IF(N63<=누적시수12,12,IF(N63<=누적시수13,13,IF(N63<=누적시수14,14,IF(N63<=누적시수15,15,IF(N63<=누적시수16,16,IF(N63<=누적시수17,17,IF(N63<=누적시수18,18,IF(N63<=누적시수19,19,IF(N63<=누적시수20,20,IF(N63<=누적시수21,21,IF(N63<=누적시수22,22,IF(N63<=누적시수23,23,IF(N63<=누적시수24,24,IF(N63<=누적시수25,25,0)))))))))))))))))))))))))) -> 1 | P63: =MOD(ROW(),9) -> 0 | Q63: =COUNTIF($P$3:P63,"=3") -> 7 | R63: =WORKDAY(기본입력!$H$2,Q63-1,공휴일) -> 45930
A64: =TEXT(R64,"yyyymmdd") -> 20250930 | B64: 0900 | C64: 1740 | E64: 1540 | F64: 1 | G64: =IF(OR(N64="",N64>기본입력!$C$34),"",VLOOKUP(O64,기본입력!$A$9:$F$33,5)) -> 양현수_53778 | H64: =IF(OR(N64="",N64>기본입력!$C$34),"",기본입력!$C$6) -> 1교육실(실습겸용강의실)_243089 | I64: =IF(OR(O64="",N64>기본입력!$C$34),"",VLOOKUP(O64,기본입력!$A$9:$F$33,6,FALSE)) -> 웹 애플리케이션 개발__3 | J64: =IF(F64="2","",LEFT(I64,FIND("_",I64,2)-1)) -> 웹 애플리케이션 개발 | K64: =IF(F64="2","",LEFT(H64,FIND("_",H64,2)-1)) -> 1교육실(실습겸용강의실) | L64: =IF(F64="2","",LEFT(G64,FIND("_",G64,2)-1)) -> 양현수 | N64: =IF(F64="2","",COUNTIF($F$3:$F64,"=1")) -> 55 | O64: =IF(F64="2","",IF(N64<=누적시수1,1,IF(N64<=누적시수2,2,IF(N64<=누적시수3,3,IF(N64<=누적시수4,4,IF(N64<=누적시수5,5,IF(N64<=누적시수6,6,IF(N64<=누적시수7,7,IF(N64<=누적시수8,8,IF(N64<=누적시수9,9,IF(N64<=누적시수10,10,IF(N64<=누적시수11,11,IF(N64<=누적시수12,12,IF(N64<=누적시수13,13,IF(N64<=누적시수14,14,IF(N64<=누적시수15,15,IF(N64<=누적시수16,16,IF(N64<=누적시수17,17,IF(N64<=누적시수18,18,IF(N64<=누적시수19,19,IF(N64<=누적시수20,20,IF(N64<=누적시수21,21,IF(N64<=누적시수22,22,IF(N64<=누적시수23,23,IF(N64<=누적시수24,24,IF(N64<=누적시수25,25,0)))))))))))))))))))))))))) -> 1 | P64: =MOD(ROW(),9) -> 1 | Q64: =COUNTIF($P$3:P64,"=3") -> 7 | R64: =WORKDAY(기본입력!$H$2,Q64-1,공휴일) -> 45930
A65: =TEXT(R65,"yyyymmdd") -> 20250930 | B65: 0900 | C65: 1740 | E65: 1640 | F65: 1 | G65: =IF(OR(N65="",N65>기본입력!$C$34),"",VLOOKUP(O65,기본입력!$A$9:$F$33,5)) -> 양현수_53778 | H65: =IF(OR(N65="",N65>기본입력!$C$34),"",기본입력!$C$6) -> 1교육실(실습겸용강의실)_243089 | I65: =IF(OR(O65="",N65>기본입력!$C$34),"",VLOOKUP(O65,기본입력!$A$9:$F$33,6,FALSE)) -> 웹 애플리케이션 개발__3 | J65: =IF(F65="2","",LEFT(I65,FIND("_",I65,2)-1)) -> 웹 애플리케이션 개발 | K65: =IF(F65="2","",LEFT(H65,FIND("_",H65,2)-1)) -> 1교육실(실습겸용강의실) | L65: =IF(F65="2","",LEFT(G65,FIND("_",G65,2)-1)) -> 양현수 | N65: =IF(F65="2","",COUNTIF($F$3:$F65,"=1")) -> 56 | O65: =IF(F65="2","",IF(N65<=누적시수1,1,IF(N65<=누적시수2,2,IF(N65<=누적시수3,3,IF(N65<=누적시수4,4,IF(N65<=누적시수5,5,IF(N65<=누적시수6,6,IF(N65<=누적시수7,7,IF(N65<=누적시수8,8,IF(N65<=누적시수9,9,IF(N65<=누적시수10,10,IF(N65<=누적시수11,11,IF(N65<=누적시수12,12,IF(N65<=누적시수13,13,IF(N65<=누적시수14,14,IF(N65<=누적시수15,15,IF(N65<=누적시수16,16,IF(N65<=누적시수17,17,IF(N65<=누적시수18,18,IF(N65<=누적시수19,19,IF(N65<=누적시수20,20,IF(N65<=누적시수21,21,IF(N65<=누적시수22,22,IF(N65<=누적시수23,23,IF(N65<=누적시수24,24,IF(N65<=누적시수25,25,0)))))))))))))))))))))))))) -> 1 | P65: =MOD(ROW(),9) -> 2 | Q65: =COUNTIF($P$3:P65,"=3") -> 7 | R65: =WORKDAY(기본입력!$H$2,Q65-1,공휴일) -> 45930
A66: =TEXT(R66,"yyyymmdd") -> 20251001 | B66: 0900 | C66: 1740 | E66: 0900 | F66: 1 | G66: =IF(OR(N66="",N66>기본입력!$C$34),"",VLOOKUP(O66,기본입력!$A$9:$F$33,5)) -> 양현수_53778 | H66: =IF(OR(N66="",N66>기본입력!$C$34),"",기본입력!$C$6) -> 1교육실(실습겸용강의실)_243089 | I66: =IF(OR(O66="",N66>기본입력!$C$34),"",VLOOKUP(O66,기본입력!$A$9:$F$33,6,FALSE)) -> 웹 애플리케이션 개발__3 | J66: =IF(F66="2","",LEFT(I66,FIND("_",I66,2)-1)) -> 웹 애플리케이션 개발 | K66: =IF(F66="2","",LEFT(H66,FIND("_",H66,2)-1)) -> 1교육실(실습겸용강의실) | L66: =IF(F66="2","",LEFT(G66,FIND("_",G66,2)-1)) -> 양현수 | N66: =IF(F66="2","",COUNTIF($F$3:$F66,"=1")) -> 57 | O66: =IF(F66="2","",IF(N66<=누적시수1,1,IF(N66<=누적시수2,2,IF(N66<=누적시수3,3,IF(N66<=누적시수4,4,IF(N66<=누적시수5,5,IF(N66<=누적시수6,6,IF(N66<=누적시수7,7,IF(N66<=누적시수8,8,IF(N66<=누적시수9,9,IF(N66<=누적시수10,10,IF(N66<=누적시수11,11,IF(N66<=누적시수12,12,IF(N66<=누적시수13,13,IF(N66<=누적시수14,14,IF(N66<=누적시수15,15,IF(N66<=누적시수16,16,IF(N66<=누적시수17,17,IF(N66<=누적시수18,18,IF(N66<=누적시수19,19,IF(N66<=누적시수20,20,IF(N66<=누적시수21,21,IF(N66<=누적시수22,22,IF(N66<=누적시수23,23,IF(N66<=누적시수24,24,IF(N66<=누적시수25,25,0)))))))))))))))))))))))))) -> 1 | P66: =MOD(ROW(),9) -> 3 | Q66: =COUNTIF($P$3:P66,"=3") -> 8 | R66: =WORKDAY(기본입력!$H$2,Q66-1,공휴일) -> 45931
A67: =TEXT(R67,"yyyymmdd") -> 20251001 | B67: 0900 | C67: 1740 | E67: 1000 | F67: 1 | G67: =IF(OR(N67="",N67>기본입력!$C$34),"",VLOOKUP(O67,기본입력!$A$9:$F$33,5)) -> 양현수_53778 | H67: =IF(OR(N67="",N67>기본입력!$C$34),"",기본입력!$C$6) -> 1교육실(실습겸용강의실)_243089 | I67: =IF(OR(O67="",N67>기본입력!$C$34),"",VLOOKUP(O67,기본입력!$A$9:$F$33,6,FALSE)) -> 웹 애플리케이션 개발__3 | J67: =IF(F67="2","",LEFT(I67,FIND("_",I67,2)-1)) -> 웹 애플리케이션 개발 | K67: =IF(F67="2","",LEFT(H67,FIND("_",H67,2)-1)) -> 1교육실(실습겸용강의실) | L67: =IF(F67="2","",LEFT(G67,FIND("_",G67,2)-1)) -> 양현수 | N67: =IF(F67="2","",COUNTIF($F$3:$F67,"=1")) -> 58 | O67: =IF(F67="2","",IF(N67<=누적시수1,1,IF(N67<=누적시수2,2,IF(N67<=누적시수3,3,IF(N67<=누적시수4,4,IF(N67<=누적시수5,5,IF(N67<=누적시수6,6,IF(N67<=누적시수7,7,IF(N67<=누적시수8,8,IF(N67<=누적시수9,9,IF(N67<=누적시수10,10,IF(N67<=누적시수11,11,IF(N67<=누적시수12,12,IF(N67<=누적시수13,13,IF(N67<=누적시수14,14,IF(N67<=누적시수15,15,IF(N67<=누적시수16,16,IF(N67<=누적시수17,17,IF(N67<=누적시수18,18,IF(N67<=누적시수19,19,IF(N67<=누적시수20,20,IF(N67<=누적시수21,21,IF(N67<=누적시수22,22,IF(N67<=누적시수23,23,IF(N67<=누적시수24,24,IF(N67<=누적시수25,25,0)))))))))))))))))))))))))) -> 1 | P67: =MOD(ROW(),9) -> 4 | Q67: =COUNTIF($P$3:P67,"=3") -> 8 | R67: =WORKDAY(기본입력!$H$2,Q67-1,공휴일) -> 45931
A68: =TEXT(R68,"yyyymmdd") -> 20251001 | B68: 0900 | C68: 1740 | E68: 1100 | F68: 1 | G68: =IF(OR(N68="",N68>기본입력!$C$34),"",VLOOKUP(O68,기본입력!$A$9:$F$33,5)) -> 양현수_53778 | H68: =IF(OR(N68="",N68>기본입력!$C$34),"",기본입력!$C$6) -> 1교육실(실습겸용강의실)_243089 | I68: =IF(OR(O68="",N68>기본입력!$C$34),"",VLOOKUP(O68,기본입력!$A$9:$F$33,6,FALSE)) -> 웹 애플리케이션 개발__3 | J68: =IF(F68="2","",LEFT(I68,FIND("_",I68,2)-1)) -> 웹 애플리케이션 개발 | K68: =IF(F68="2","",LEFT(H68,FIND("_",H68,2)-1)) -> 1교육실(실습겸용강의실) | L68: =IF(F68="2","",LEFT(G68,FIND("_",G68,2)-1)) -> 양현수 | N68: =IF(F68="2","",COUNTIF($F$3:$F68,"=1")) -> 59 | O68: =IF(F68="2","",IF(N68<=누적시수1,1,IF(N68<=누적시수2,2,IF(N68<=누적시수3,3,IF(N68<=누적시수4,4,IF(N68<=누적시수5,5,IF(N68<=누적시수6,6,IF(N68<=누적시수7,7,IF(N68<=누적시수8,8,IF(N68<=누적시수9,9,IF(N68<=누적시수10,10,IF(N68<=누적시수11,11,IF(N68<=누적시수12,12,IF(N68<=누적시수13,13,IF(N68<=누적시수14,14,IF(N68<=누적시수15,15,IF(N68<=누적시수16,16,IF(N68<=누적시수17,17,IF(N68<=누적시수18,18,IF(N68<=누적시수19,19,IF(N68<=누적시수20,20,IF(N68<=누적시수21,21,IF(N68<=누적시수22,22,IF(N68<=누적시수23,23,IF(N68<=누적시수24,24,IF(N68<=누적시수25,25,0)))))))))))))))))))))))))) -> 1 | P68: =MOD(ROW(),9) -> 5 | Q68: =COUNTIF($P$3:P68,"=3") -> 8 | R68: =WORKDAY(기본입력!$H$2,Q68-1,공휴일) -> 45931
A69: =TEXT(R69,"yyyymmdd") -> 20251001 | B69: 0900 | C69: 1740 | E69: 1200 | F69: 1 | G69: =IF(OR(N69="",N69>기본입력!$C$34),"",VLOOKUP(O69,기본입력!$A$9:$F$33,5)) -> 양현수_53778 | H69: =IF(OR(N69="",N69>기본입력!$C$34),"",기본입력!$C$6) -> 1교육실(실습겸용강의실)_243089 | I69: =IF(OR(O69="",N69>기본입력!$C$34),"",VLOOKUP(O69,기본입력!$A$9:$F$33,6,FALSE)) -> 웹 애플리케이션 개발__3 | J69: =IF(F69="2","",LEFT(I69,FIND("_",I69,2)-1)) -> 웹 애플리케이션 개발 | K69: =IF(F69="2","",LEFT(H69,FIND("_",H69,2)-1)) -> 1교육실(실습겸용강의실) | L69: =IF(F69="2","",LEFT(G69,FIND("_",G69,2)-1)) -> 양현수 | N69: =IF(F69="2","",COUNTIF($F$3:$F69,"=1")) -> 60 | O69: =IF(F69="2","",IF(N69<=누적시수1,1,IF(N69<=누적시수2,2,IF(N69<=누적시수3,3,IF(N69<=누적시수4,4,IF(N69<=누적시수5,5,IF(N69<=누적시수6,6,IF(N69<=누적시수7,7,IF(N69<=누적시수8,8,IF(N69<=누적시수9,9,IF(N69<=누적시수10,10,IF(N69<=누적시수11,11,IF(N69<=누적시수12,12,IF(N69<=누적시수13,13,IF(N69<=누적시수14,14,IF(N69<=누적시수15,15,IF(N69<=누적시수16,16,IF(N69<=누적시수17,17,IF(N69<=누적시수18,18,IF(N69<=누적시수19,19,IF(N69<=누적시수20,20,IF(N69<=누적시수21,21,IF(N69<=누적시수22,22,IF(N69<=누적시수23,23,IF(N69<=누적시수24,24,IF(N69<=누적시수25,25,0)))))))))))))))))))))))))) -> 1 | P69: =MOD(ROW(),9) -> 6 | Q69: =COUNTIF($P$3:P69,"=3") -> 8 | R69: =WORKDAY(기본입력!$H$2,Q69-1,공휴일) -> 45931
A70: =TEXT(R70,"yyyymmdd") -> 20251001 | B70: 0900 | C70: 1740 | E70: 1300 | F70: 2 | G70: =IF(OR(N70="",N70>기본입력!$C$34),"",VLOOKUP(O70,기본입력!$A$9:$F$33,5)) | H70: =IF(OR(N70="",N70>기본입력!$C$34),"",기본입력!$C$6) | I70: =IF(OR(O70="",N70>기본입력!$C$34),"",VLOOKUP(O70,기본입력!$A$9:$F$33,6,FALSE)) | J70: =IF(F70="2","",LEFT(I70,FIND("_",I70,2)-1)) | K70: =IF(F70="2","",LEFT(H70,FIND("_",H70,2)-1)) | L70: =IF(F70="2","",LEFT(G70,FIND("_",G70,2)-1)) | N70: =IF(F70="2","",COUNTIF($F$3:$F70,"=1")) | O70: =IF(F70="2","",IF(N70<=누적시수1,1,IF(N70<=누적시수2,2,IF(N70<=누적시수3,3,IF(N70<=누적시수4,4,IF(N70<=누적시수5,5,IF(N70<=누적시수6,6,IF(N70<=누적시수7,7,IF(N70<=누적시수8,8,IF(N70<=누적시수9,9,IF(N70<=누적시수10,10,IF(N70<=누적시수11,11,IF(N70<=누적시수12,12,IF(N70<=누적시수13,13,IF(N70<=누적시수14,14,IF(N70<=누적시수15,15,IF(N70<=누적시수16,16,IF(N70<=누적시수17,17,IF(N70<=누적시수18,18,IF(N70<=누적시수19,19,IF(N70<=누적시수20,20,IF(N70<=누적시수21,21,IF(N70<=누적시수22,22,IF(N70<=누적시수23,23,IF(N70<=누적시수24,24,IF(N70<=누적시수25,25,0)))))))))))))))))))))))))) | P70: =MOD(ROW(),9) -> 7 | Q70: =COUNTIF($P$3:P70,"=3") -> 8 | R70: =WORKDAY(기본입력!$H$2,Q70-1,공휴일) -> 45931
A71: =TEXT(R71,"yyyymmdd") -> 20251001 | B71: 0900 | C71: 1740 | E71: 1340 | F71: 1 | G71: =IF(OR(N71="",N71>기본입력!$C$34),"",VLOOKUP(O71,기본입력!$A$9:$F$33,5)) -> 양현수_53778 | H71: =IF(OR(N71="",N71>기본입력!$C$34),"",기본입력!$C$6) -> 1교육실(실습겸용강의실)_243089 | I71: =IF(OR(O71="",N71>기본입력!$C$34),"",VLOOKUP(O71,기본입력!$A$9:$F$33,6,FALSE)) -> 웹 애플리케이션 개발__3 | J71: =IF(F71="2","",LEFT(I71,FIND("_",I71,2)-1)) -> 웹 애플리케이션 개발 | K71: =IF(F71="2","",LEFT(H71,FIND("_",H71,2)-1)) -> 1교육실(실습겸용강의실) | L71: =IF(F71="2","",LEFT(G71,FIND("_",G71,2)-1)) -> 양현수 | N71: =IF(F71="2","",COUNTIF($F$3:$F71,"=1")) -> 61 | O71: =IF(F71="2","",IF(N71<=누적시수1,1,IF(N71<=누적시수2,2,IF(N71<=누적시수3,3,IF(N71<=누적시수4,4,IF(N71<=누적시수5,5,IF(N71<=누적시수6,6,IF(N71<=누적시수7,7,IF(N71<=누적시수8,8,IF(N71<=누적시수9,9,IF(N71<=누적시수10,10,IF(N71<=누적시수11,11,IF(N71<=누적시수12,12,IF(N71<=누적시수13,13,IF(N71<=누적시수14,14,IF(N71<=누적시수15,15,IF(N71<=누적시수16,16,IF(N71<=누적시수17,17,IF(N71<=누적시수18,18,IF(N71<=누적시수19,19,IF(N71<=누적시수20,20,IF(N71<=누적시수21,21,IF(N71<=누적시수22,22,IF(N71<=누적시수23,23,IF(N71<=누적시수24,24,IF(N71<=누적시수25,25,0)))))))))))))))))))))))))) -> 1 | P71: =MOD(ROW(),9) -> 8 | Q71: =COUNTIF($P$3:P71,"=3") -> 8 | R71: =WORKDAY(기본입력!$H$2,Q71-1,공휴일) -> 45931
A72: =TEXT(R72,"yyyymmdd") -> 20251001 | B72: 0900 | C72: 1740 | E72: 1440 | F72: 1 | G72: =IF(OR(N72="",N72>기본입력!$C$34),"",VLOOKUP(O72,기본입력!$A$9:$F$33,5)) -> 양현수_53778 | H72: =IF(OR(N72="",N72>기본입력!$C$34),"",기본입력!$C$6) -> 1교육실(실습겸용강의실)_243089 | I72: =IF(OR(O72="",N72>기본입력!$C$34),"",VLOOKUP(O72,기본입력!$A$9:$F$33,6,FALSE)) -> 웹 애플리케이션 개발__3 | J72: =IF(F72="2","",LEFT(I72,FIND("_",I72,2)-1)) -> 웹 애플리케이션 개발 | K72: =IF(F72="2","",LEFT(H72,FIND("_",H72,2)-1)) -> 1교육실(실습겸용강의실) | L72: =IF(F72="2","",LEFT(G72,FIND("_",G72,2)-1)) -> 양현수 | N72: =IF(F72="2","",COUNTIF($F$3:$F72,"=1")) -> 62 | O72: =IF(F72="2","",IF(N72<=누적시수1,1,IF(N72<=누적시수2,2,IF(N72<=누적시수3,3,IF(N72<=누적시수4,4,IF(N72<=누적시수5,5,IF(N72<=누적시수6,6,IF(N72<=누적시수7,7,IF(N72<=누적시수8,8,IF(N72<=누적시수9,9,IF(N72<=누적시수10,10,IF(N72<=누적시수11,11,IF(N72<=누적시수12,12,IF(N72<=누적시수13,13,IF(N72<=누적시수14,14,IF(N72<=누적시수15,15,IF(N72<=누적시수16,16,IF(N72<=누적시수17,17,IF(N72<=누적시수18,18,IF(N72<=누적시수19,19,IF(N72<=누적시수20,20,IF(N72<=누적시수21,21,IF(N72<=누적시수22,22,IF(N72<=누적시수23,23,IF(N72<=누적시수24,24,IF(N72<=누적시수25,25,0)))))))))))))))))))))))))) -> 1 | P72: =MOD(ROW(),9) -> 0 | Q72: =COUNTIF($P$3:P72,"=3") -> 8 | R72: =WORKDAY(기본입력!$H$2,Q72-1,공휴일) -> 45931
A73: =TEXT(R73,"yyyymmdd") -> 20251001 | B73: 0900 | C73: 1740 | E73: 1540 | F73: 1 | G73: =IF(OR(N73="",N73>기본입력!$C$34),"",VLOOKUP(O73,기본입력!$A$9:$F$33,5)) -> 양현수_53778 | H73: =IF(OR(N73="",N73>기본입력!$C$34),"",기본입력!$C$6) -> 1교육실(실습겸용강의실)_243089 | I73: =IF(OR(O73="",N73>기본입력!$C$34),"",VLOOKUP(O73,기본입력!$A$9:$F$33,6,FALSE)) -> 웹 애플리케이션 개발__3 | J73: =IF(F73="2","",LEFT(I73,FIND("_",I73,2)-1)) -> 웹 애플리케이션 개발 | K73: =IF(F73="2","",LEFT(H73,FIND("_",H73,2)-1)) -> 1교육실(실습겸용강의실) | L73: =IF(F73="2","",LEFT(G73,FIND("_",G73,2)-1)) -> 양현수 | N73: =IF(F73="2","",COUNTIF($F$3:$F73,"=1")) -> 63 | O73: =IF(F73="2","",IF(N73<=누적시수1,1,IF(N73<=누적시수2,2,IF(N73<=누적시수3,3,IF(N73<=누적시수4,4,IF(N73<=누적시수5,5,IF(N73<=누적시수6,6,IF(N73<=누적시수7,7,IF(N73<=누적시수8,8,IF(N73<=누적시수9,9,IF(N73<=누적시수10,10,IF(N73<=누적시수11,11,IF(N73<=누적시수12,12,IF(N73<=누적시수13,13,IF(N73<=누적시수14,14,IF(N73<=누적시수15,15,IF(N73<=누적시수16,16,IF(N73<=누적시수17,17,IF(N73<=누적시수18,18,IF(N73<=누적시수19,19,IF(N73<=누적시수20,20,IF(N73<=누적시수21,21,IF(N73<=누적시수22,22,IF(N73<=누적시수23,23,IF(N73<=누적시수24,24,IF(N73<=누적시수25,25,0)))))))))))))))))))))))))) -> 1 | P73: =MOD(ROW(),9) -> 1 | Q73: =COUNTIF($P$3:P73,"=3") -> 8 | R73: =WORKDAY(기본입력!$H$2,Q73-1,공휴일) -> 45931
A74: =TEXT(R74,"yyyymmdd") -> 20251001 | B74: 0900 | C74: 1740 | E74: 1640 | F74: 1 | G74: =IF(OR(N74="",N74>기본입력!$C$34),"",VLOOKUP(O74,기본입력!$A$9:$F$33,5)) -> 양현수_53778 | H74: =IF(OR(N74="",N74>기본입력!$C$34),"",기본입력!$C$6) -> 1교육실(실습겸용강의실)_243089 | I74: =IF(OR(O74="",N74>기본입력!$C$34),"",VLOOKUP(O74,기본입력!$A$9:$F$33,6,FALSE)) -> 웹 애플리케이션 개발__3 | J74: =IF(F74="2","",LEFT(I74,FIND("_",I74,2)-1)) -> 웹 애플리케이션 개발 | K74: =IF(F74="2","",LEFT(H74,FIND("_",H74,2)-1)) -> 1교육실(실습겸용강의실) | L74: =IF(F74="2","",LEFT(G74,FIND("_",G74,2)-1)) -> 양현수 | N74: =IF(F74="2","",COUNTIF($F$3:$F74,"=1")) -> 64 | O74: =IF(F74="2","",IF(N74<=누적시수1,1,IF(N74<=누적시수2,2,IF(N74<=누적시수3,3,IF(N74<=누적시수4,4,IF(N74<=누적시수5,5,IF(N74<=누적시수6,6,IF(N74<=누적시수7,7,IF(N74<=누적시수8,8,IF(N74<=누적시수9,9,IF(N74<=누적시수10,10,IF(N74<=누적시수11,11,IF(N74<=누적시수12,12,IF(N74<=누적시수13,13,IF(N74<=누적시수14,14,IF(N74<=누적시수15,15,IF(N74<=누적시수16,16,IF(N74<=누적시수17,17,IF(N74<=누적시수18,18,IF(N74<=누적시수19,19,IF(N74<=누적시수20,20,IF(N74<=누적시수21,21,IF(N74<=누적시수22,22,IF(N74<=누적시수23,23,IF(N74<=누적시수24,24,IF(N74<=누적시수25,25,0)))))))))))))))))))))))))) -> 1 | P74: =MOD(ROW(),9) -> 2 | Q74: =COUNTIF($P$3:P74,"=3") -> 8 | R74: =WORKDAY(기본입력!$H$2,Q74-1,공휴일) -> 45931
A75: =TEXT(R75,"yyyymmdd") -> 20251002 | B75: 0900 | C75: 1740 | E75: 0900 | F75: 1 | G75: =IF(OR(N75="",N75>기본입력!$C$34),"",VLOOKUP(O75,기본입력!$A$9:$F$33,5)) -> 양현수_53778 | H75: =IF(OR(N75="",N75>기본입력!$C$34),"",기본입력!$C$6) -> 1교육실(실습겸용강의실)_243089 | I75: =IF(OR(O75="",N75>기본입력!$C$34),"",VLOOKUP(O75,기본입력!$A$9:$F$33,6,FALSE)) -> 웹 애플리케이션 개발__3 | J75: =IF(F75="2","",LEFT(I75,FIND("_",I75,2)-1)) -> 웹 애플리케이션 개발 | K75: =IF(F75="2","",LEFT(H75,FIND("_",H75,2)-1)) -> 1교육실(실습겸용강의실) | L75: =IF(F75="2","",LEFT(G75,FIND("_",G75,2)-1)) -> 양현수 | N75: =IF(F75="2","",COUNTIF($F$3:$F75,"=1")) -> 65 | O75: =IF(F75="2","",IF(N75<=누적시수1,1,IF(N75<=누적시수2,2,IF(N75<=누적시수3,3,IF(N75<=누적시수4,4,IF(N75<=누적시수5,5,IF(N75<=누적시수6,6,IF(N75<=누적시수7,7,IF(N75<=누적시수8,8,IF(N75<=누적시수9,9,IF(N75<=누적시수10,10,IF(N75<=누적시수11,11,IF(N75<=누적시수12,12,IF(N75<=누적시수13,13,IF(N75<=누적시수14,14,IF(N75<=누적시수15,15,IF(N75<=누적시수16,16,IF(N75<=누적시수17,17,IF(N75<=누적시수18,18,IF(N75<=누적시수19,19,IF(N75<=누적시수20,20,IF(N75<=누적시수21,21,IF(N75<=누적시수22,22,IF(N75<=누적시수23,23,IF(N75<=누적시수24,24,IF(N75<=누적시수25,25,0)))))))))))))))))))))))))) -> 1 | P75: =MOD(ROW(),9) -> 3 | Q75: =COUNTIF($P$3:P75,"=3") -> 9 | R75: =WORKDAY(기본입력!$H$2,Q75-1,공휴일) -> 45932
A76: =TEXT(R76,"yyyymmdd") -> 20251002 | B76: 0900 | C76: 1740 | E76: 1000 | F76: 1 | G76: =IF(OR(N76="",N76>기본입력!$C$34),"",VLOOKUP(O76,기본입력!$A$9:$F$33,5)) -> 양현수_53778 | H76: =IF(OR(N76="",N76>기본입력!$C$34),"",기본입력!$C$6) -> 1교육실(실습겸용강의실)_243089 | I76: =IF(OR(O76="",N76>기본입력!$C$34),"",VLOOKUP(O76,기본입력!$A$9:$F$33,6,FALSE)) -> 웹 애플리케이션 개발__3 | J76: =IF(F76="2","",LEFT(I76,FIND("_",I76,2)-1)) -> 웹 애플리케이션 개발 | K76: =IF(F76="2","",LEFT(H76,FIND("_",H76,2)-1)) -> 1교육실(실습겸용강의실) | L76: =IF(F76="2","",LEFT(G76,FIND("_",G76,2)-1)) -> 양현수 | N76: =IF(F76="2","",COUNTIF($F$3:$F76,"=1")) -> 66 | O76: =IF(F76="2","",IF(N76<=누적시수1,1,IF(N76<=누적시수2,2,IF(N76<=누적시수3,3,IF(N76<=누적시수4,4,IF(N76<=누적시수5,5,IF(N76<=누적시수6,6,IF(N76<=누적시수7,7,IF(N76<=누적시수8,8,IF(N76<=누적시수9,9,IF(N76<=누적시수10,10,IF(N76<=누적시수11,11,IF(N76<=누적시수12,12,IF(N76<=누적시수13,13,IF(N76<=누적시수14,14,IF(N76<=누적시수15,15,IF(N76<=누적시수16,16,IF(N76<=누적시수17,17,IF(N76<=누적시수18,18,IF(N76<=누적시수19,19,IF(N76<=누적시수20,20,IF(N76<=누적시수21,21,IF(N76<=누적시수22,22,IF(N76<=누적시수23,23,IF(N76<=누적시수24,24,IF(N76<=누적시수25,25,0)))))))))))))))))))))))))) -> 1 | P76: =MOD(ROW(),9) -> 4 | Q76: =COUNTIF($P$3:P76,"=3") -> 9 | R76: =WORKDAY(기본입력!$H$2,Q76-1,공휴일) -> 45932
A77: =TEXT(R77,"yyyymmdd") -> 20251002 | B77: 0900 | C77: 1740 | E77: 1100 | F77: 1 | G77: =IF(OR(N77="",N77>기본입력!$C$34),"",VLOOKUP(O77,기본입력!$A$9:$F$33,5)) -> 양현수_53778 | H77: =IF(OR(N77="",N77>기본입력!$C$34),"",기본입력!$C$6) -> 1교육실(실습겸용강의실)_243089 | I77: =IF(OR(O77="",N77>기본입력!$C$34),"",VLOOKUP(O77,기본입력!$A$9:$F$33,6,FALSE)) -> 웹 애플리케이션 개발__3 | J77: =IF(F77="2","",LEFT(I77,FIND("_",I77,2)-1)) -> 웹 애플리케이션 개발 | K77: =IF(F77="2","",LEFT(H77,FIND("_",H77,2)-1)) -> 1교육실(실습겸용강의실) | L77: =IF(F77="2","",LEFT(G77,FIND("_",G77,2)-1)) -> 양현수 | N77: =IF(F77="2","",COUNTIF($F$3:$F77,"=1")) -> 67 | O77: =IF(F77="2","",IF(N77<=누적시수1,1,IF(N77<=누적시수2,2,IF(N77<=누적시수3,3,IF(N77<=누적시수4,4,IF(N77<=누적시수5,5,IF(N77<=누적시수6,6,IF(N77<=누적시수7,7,IF(N77<=누적시수8,8,IF(N77<=누적시수9,9,IF(N77<=누적시수10,10,IF(N77<=누적시수11,11,IF(N77<=누적시수12,12,IF(N77<=누적시수13,13,IF(N77<=누적시수14,14,IF(N77<=누적시수15,15,IF(N77<=누적시수16,16,IF(N77<=누적시수17,17,IF(N77<=누적시수18,18,IF(N77<=누적시수19,19,IF(N77<=누적시수20,20,IF(N77<=누적시수21,21,IF(N77<=누적시수22,22,IF(N77<=누적시수23,23,IF(N77<=누적시수24,24,IF(N77<=누적시수25,25,0)))))))))))))))))))))))))) -> 1 | P77: =MOD(ROW(),9) -> 5 | Q77: =COUNTIF($P$3:P77,"=3") -> 9 | R77: =WORKDAY(기본입력!$H$2,Q77-1,공휴일) -> 45932
A78: =TEXT(R78,"yyyymmdd") -> 20251002 | B78: 0900 | C78: 1740 | E78: 1200 | F78: 1 | G78: =IF(OR(N78="",N78>기본입력!$C$34),"",VLOOKUP(O78,기본입력!$A$9:$F$33,5)) -> 양현수_53778 | H78: =IF(OR(N78="",N78>기본입력!$C$34),"",기본입력!$C$6) -> 1교육실(실습겸용강의실)_243089 | I78: =IF(OR(O78="",N78>기본입력!$C$34),"",VLOOKUP(O78,기본입력!$A$9:$F$33,6,FALSE)) -> 웹 애플리케이션 개발__3 | J78: =IF(F78="2","",LEFT(I78,FIND("_",I78,2)-1)) -> 웹 애플리케이션 개발 | K78: =IF(F78="2","",LEFT(H78,FIND("_",H78,2)-1)) -> 1교육실(실습겸용강의실) | L78: =IF(F78="2","",LEFT(G78,FIND("_",G78,2)-1)) -> 양현수 | N78: =IF(F78="2","",COUNTIF($F$3:$F78,"=1")) -> 68 | O78: =IF(F78="2","",IF(N78<=누적시수1,1,IF(N78<=누적시수2,2,IF(N78<=누적시수3,3,IF(N78<=누적시수4,4,IF(N78<=누적시수5,5,IF(N78<=누적시수6,6,IF(N78<=누적시수7,7,IF(N78<=누적시수8,8,IF(N78<=누적시수9,9,IF(N78<=누적시수10,10,IF(N78<=누적시수11,11,IF(N78<=누적시수12,12,IF(N78<=누적시수13,13,IF(N78<=누적시수14,14,IF(N78<=누적시수15,15,IF(N78<=누적시수16,16,IF(N78<=누적시수17,17,IF(N78<=누적시수18,18,IF(N78<=누적시수19,19,IF(N78<=누적시수20,20,IF(N78<=누적시수21,21,IF(N78<=누적시수22,22,IF(N78<=누적시수23,23,IF(N78<=누적시수24,24,IF(N78<=누적시수25,25,0)))))))))))))))))))))))))) -> 1 | P78: =MOD(ROW(),9) -> 6 | Q78: =COUNTIF($P$3:P78,"=3") -> 9 | R78: =WORKDAY(기본입력!$H$2,Q78-1,공휴일) -> 45932
A79: =TEXT(R79,"yyyymmdd") -> 20251002 | B79: 0900 | C79: 1740 | E79: 1300 | F79: 2 | G79: =IF(OR(N79="",N79>기본입력!$C$34),"",VLOOKUP(O79,기본입력!$A$9:$F$33,5)) | H79: =IF(OR(N79="",N79>기본입력!$C$34),"",기본입력!$C$6) | I79: =IF(OR(O79="",N79>기본입력!$C$34),"",VLOOKUP(O79,기본입력!$A$9:$F$33,6,FALSE)) | J79: =IF(F79="2","",LEFT(I79,FIND("_",I79,2)-1)) | K79: =IF(F79="2","",LEFT(H79,FIND("_",H79,2)-1)) | L79: =IF(F79="2","",LEFT(G79,FIND("_",G79,2)-1)) | N79: =IF(F79="2","",COUNTIF($F$3:$F79,"=1")) | O79: =IF(F79="2","",IF(N79<=누적시수1,1,IF(N79<=누적시수2,2,IF(N79<=누적시수3,3,IF(N79<=누적시수4,4,IF(N79<=누적시수5,5,IF(N79<=누적시수6,6,IF(N79<=누적시수7,7,IF(N79<=누적시수8,8,IF(N79<=누적시수9,9,IF(N79<=누적시수10,10,IF(N79<=누적시수11,11,IF(N79<=누적시수12,12,IF(N79<=누적시수13,13,IF(N79<=누적시수14,14,IF(N79<=누적시수15,15,IF(N79<=누적시수16,16,IF(N79<=누적시수17,17,IF(N79<=누적시수18,18,IF(N79<=누적시수19,19,IF(N79<=누적시수20,20,IF(N79<=누적시수21,21,IF(N79<=누적시수22,22,IF(N79<=누적시수23,23,IF(N79<=누적시수24,24,IF(N79<=누적시수25,25,0)))))))))))))))))))))))))) | P79: =MOD(ROW(),9) -> 7 | Q79: =COUNTIF($P$3:P79,"=3") -> 9 | R79: =WORKDAY(기본입력!$H$2,Q79-1,공휴일) -> 45932
A80: =TEXT(R80,"yyyymmdd") -> 20251002 | B80: 0900 | C80: 1740 | E80: 1340 | F80: 1 | G80: =IF(OR(N80="",N80>기본입력!$C$34),"",VLOOKUP(O80,기본입력!$A$9:$F$33,5)) -> 양현수_53778 | H80: =IF(OR(N80="",N80>기본입력!$C$34),"",기본입력!$C$6) -> 1교육실(실습겸용강의실)_243089 | I80: =IF(OR(O80="",N80>기본입력!$C$34),"",VLOOKUP(O80,기본입력!$A$9:$F$33,6,FALSE)) -> 웹 애플리케이션 개발__3 | J80: =IF(F80="2","",LEFT(I80,FIND("_",I80,2)-1)) -> 웹 애플리케이션 개발 | K80: =IF(F80="2","",LEFT(H80,FIND("_",H80,2)-1)) -> 1교육실(실습겸용강의실) | L80: =IF(F80="2","",LEFT(G80,FIND("_",G80,2)-1)) -> 양현수 | N80: =IF(F80="2","",COUNTIF($F$3:$F80,"=1")) -> 69 | O80: =IF(F80="2","",IF(N80<=누적시수1,1,IF(N80<=누적시수2,2,IF(N80<=누적시수3,3,IF(N80<=누적시수4,4,IF(N80<=누적시수5,5,IF(N80<=누적시수6,6,IF(N80<=누적시수7,7,IF(N80<=누적시수8,8,IF(N80<=누적시수9,9,IF(N80<=누적시수10,10,IF(N80<=누적시수11,11,IF(N80<=누적시수12,12,IF(N80<=누적시수13,13,IF(N80<=누적시수14,14,IF(N80<=누적시수15,15,IF(N80<=누적시수16,16,IF(N80<=누적시수17,17,IF(N80<=누적시수18,18,IF(N80<=누적시수19,19,IF(N80<=누적시수20,20,IF(N80<=누적시수21,21,IF(N80<=누적시수22,22,IF(N80<=누적시수23,23,IF(N80<=누적시수24,24,IF(N80<=누적시수25,25,0)))))))))))))))))))))))))) -> 1 | P80: =MOD(ROW(),9) -> 8 | Q80: =COUNTIF($P$3:P80,"=3") -> 9 | R80: =WORKDAY(기본입력!$H$2,Q80-1,공휴일) -> 45932
A81: =TEXT(R81,"yyyymmdd") -> 20251002 | B81: 0900 | C81: 1740 | E81: 1440 | F81: 1 | G81: =IF(OR(N81="",N81>기본입력!$C$34),"",VLOOKUP(O81,기본입력!$A$9:$F$33,5)) -> 양현수_53778 | H81: =IF(OR(N81="",N81>기본입력!$C$34),"",기본입력!$C$6) -> 1교육실(실습겸용강의실)_243089 | I81: =IF(OR(O81="",N81>기본입력!$C$34),"",VLOOKUP(O81,기본입력!$A$9:$F$33,6,FALSE)) -> 웹 애플리케이션 개발__3 | J81: =IF(F81="2","",LEFT(I81,FIND("_",I81,2)-1)) -> 웹 애플리케이션 개발 | K81: =IF(F81="2","",LEFT(H81,FIND("_",H81,2)-1)) -> 1교육실(실습겸용강의실) | L81: =IF(F81="2","",LEFT(G81,FIND("_",G81,2)-1)) -> 양현수 | N81: =IF(F81="2","",COUNTIF($F$3:$F81,"=1")) -> 70 | O81: =IF(F81="2","",IF(N81<=누적시수1,1,IF(N81<=누적시수2,2,IF(N81<=누적시수3,3,IF(N81<=누적시수4,4,IF(N81<=누적시수5,5,IF(N81<=누적시수6,6,IF(N81<=누적시수7,7,IF(N81<=누적시수8,8,IF(N81<=누적시수9,9,IF(N81<=누적시수10,10,IF(N81<=누적시수11,11,IF(N81<=누적시수12,12,IF(N81<=누적시수13,13,IF(N81<=누적시수14,14,IF(N81<=누적시수15,15,IF(N81<=누적시수16,16,IF(N81<=누적시수17,17,IF(N81<=누적시수18,18,IF(N81<=누적시수19,19,IF(N81<=누적시수20,20,IF(N81<=누적시수21,21,IF(N81<=누적시수22,22,IF(N81<=누적시수23,23,IF(N81<=누적시수24,24,IF(N81<=누적시수25,25,0)))))))))))))))))))))))))) -> 1 | P81: =MOD(ROW(),9) -> 0 | Q81: =COUNTIF($P$3:P81,"=3") -> 9 | R81: =WORKDAY(기본입력!$H$2,Q81-1,공휴일) -> 45932
A82: =TEXT(R82,"yyyymmdd") -> 20251002 | B82: 0900 | C82: 1740 | E82: 1540 | F82: 1 | G82: =IF(OR(N82="",N82>기본입력!$C$34),"",VLOOKUP(O82,기본입력!$A$9:$F$33,5)) -> 양현수_53778 | H82: =IF(OR(N82="",N82>기본입력!$C$34),"",기본입력!$C$6) -> 1교육실(실습겸용강의실)_243089 | I82: =IF(OR(O82="",N82>기본입력!$C$34),"",VLOOKUP(O82,기본입력!$A$9:$F$33,6,FALSE)) -> 웹 애플리케이션 개발__3 | J82: =IF(F82="2","",LEFT(I82,FIND("_",I82,2)-1)) -> 웹 애플리케이션 개발 | K82: =IF(F82="2","",LEFT(H82,FIND("_",H82,2)-1)) -> 1교육실(실습겸용강의실) | L82: =IF(F82="2","",LEFT(G82,FIND("_",G82,2)-1)) -> 양현수 | N82: =IF(F82="2","",COUNTIF($F$3:$F82,"=1")) -> 71 | O82: =IF(F82="2","",IF(N82<=누적시수1,1,IF(N82<=누적시수2,2,IF(N82<=누적시수3,3,IF(N82<=누적시수4,4,IF(N82<=누적시수5,5,IF(N82<=누적시수6,6,IF(N82<=누적시수7,7,IF(N82<=누적시수8,8,IF(N82<=누적시수9,9,IF(N82<=누적시수10,10,IF(N82<=누적시수11,11,IF(N82<=누적시수12,12,IF(N82<=누적시수13,13,IF(N82<=누적시수14,14,IF(N82<=누적시수15,15,IF(N82<=누적시수16,16,IF(N82<=누적시수17,17,IF(N82<=누적시수18,18,IF(N82<=누적시수19,19,IF(N82<=누적시수20,20,IF(N82<=누적시수21,21,IF(N82<=누적시수22,22,IF(N82<=누적시수23,23,IF(N82<=누적시수24,24,IF(N82<=누적시수25,25,0)))))))))))))))))))))))))) -> 1 | P82: =MOD(ROW(),9) -> 1 | Q82: =COUNTIF($P$3:P82,"=3") -> 9 | R82: =WORKDAY(기본입력!$H$2,Q82-1,공휴일) -> 45932
A83: =TEXT(R83,"yyyymmdd") -> 20251002 | B83: 0900 | C83: 1740 | E83: 1640 | F83: 1 | G83: =IF(OR(N83="",N83>기본입력!$C$34),"",VLOOKUP(O83,기본입력!$A$9:$F$33,5)) -> 양현수_53778 | H83: =IF(OR(N83="",N83>기본입력!$C$34),"",기본입력!$C$6) -> 1교육실(실습겸용강의실)_243089 | I83: =IF(OR(O83="",N83>기본입력!$C$34),"",VLOOKUP(O83,기본입력!$A$9:$F$33,6,FALSE)) -> 웹 애플리케이션 개발__3 | J83: =IF(F83="2","",LEFT(I83,FIND("_",I83,2)-1)) -> 웹 애플리케이션 개발 | K83: =IF(F83="2","",LEFT(H83,FIND("_",H83,2)-1)) -> 1교육실(실습겸용강의실) | L83: =IF(F83="2","",LEFT(G83,FIND("_",G83,2)-1)) -> 양현수 | N83: =IF(F83="2","",COUNTIF($F$3:$F83,"=1")) -> 72 | O83: =IF(F83="2","",IF(N83<=누적시수1,1,IF(N83<=누적시수2,2,IF(N83<=누적시수3,3,IF(N83<=누적시수4,4,IF(N83<=누적시수5,5,IF(N83<=누적시수6,6,IF(N83<=누적시수7,7,IF(N83<=누적시수8,8,IF(N83<=누적시수9,9,IF(N83<=누적시수10,10,IF(N83<=누적시수11,11,IF(N83<=누적시수12,12,IF(N83<=누적시수13,13,IF(N83<=누적시수14,14,IF(N83<=누적시수15,15,IF(N83<=누적시수16,16,IF(N83<=누적시수17,17,IF(N83<=누적시수18,18,IF(N83<=누적시수19,19,IF(N83<=누적시수20,20,IF(N83<=누적시수21,21,IF(N83<=누적시수22,22,IF(N83<=누적시수23,23,IF(N83<=누적시수24,24,IF(N83<=누적시수25,25,0)))))))))))))))))))))))))) -> 1 | P83: =MOD(ROW(),9) -> 2 | Q83: =COUNTIF($P$3:P83,"=3") -> 9 | R83: =WORKDAY(기본입력!$H$2,Q83-1,공휴일) -> 45932
A84: =TEXT(R84,"yyyymmdd") -> 20251010 | B84: 0900 | C84: 1740 | E84: 0900 | F84: 1 | G84: =IF(OR(N84="",N84>기본입력!$C$34),"",VLOOKUP(O84,기본입력!$A$9:$F$33,5)) -> 양현수_53778 | H84: =IF(OR(N84="",N84>기본입력!$C$34),"",기본입력!$C$6) -> 1교육실(실습겸용강의실)_243089 | I84: =IF(OR(O84="",N84>기본입력!$C$34),"",VLOOKUP(O84,기본입력!$A$9:$F$33,6,FALSE)) -> 웹 애플리케이션 개발__3 | J84: =IF(F84="2","",LEFT(I84,FIND("_",I84,2)-1)) -> 웹 애플리케이션 개발 | K84: =IF(F84="2","",LEFT(H84,FIND("_",H84,2)-1)) -> 1교육실(실습겸용강의실) | L84: =IF(F84="2","",LEFT(G84,FIND("_",G84,2)-1)) -> 양현수 | N84: =IF(F84="2","",COUNTIF($F$3:$F84,"=1")) -> 73 | O84: =IF(F84="2","",IF(N84<=누적시수1,1,IF(N84<=누적시수2,2,IF(N84<=누적시수3,3,IF(N84<=누적시수4,4,IF(N84<=누적시수5,5,IF(N84<=누적시수6,6,IF(N84<=누적시수7,7,IF(N84<=누적시수8,8,IF(N84<=누적시수9,9,IF(N84<=누적시수10,10,IF(N84<=누적시수11,11,IF(N84<=누적시수12,12,IF(N84<=누적시수13,13,IF(N84<=누적시수14,14,IF(N84<=누적시수15,15,IF(N84<=누적시수16,16,IF(N84<=누적시수17,17,IF(N84<=누적시수18,18,IF(N84<=누적시수19,19,IF(N84<=누적시수20,20,IF(N84<=누적시수21,21,IF(N84<=누적시수22,22,IF(N84<=누적시수23,23,IF(N84<=누적시수24,24,IF(N84<=누적시수25,25,0)))))))))))))))))))))))))) -> 1 | P84: =MOD(ROW(),9) -> 3 | Q84: =COUNTIF($P$3:P84,"=3") -> 10 | R84: =WORKDAY(기본입력!$H$2,Q84-1,공휴일) -> 45940
A85: =TEXT(R85,"yyyymmdd") -> 20251010 | B85: 0900 | C85: 1740 | E85: 1000 | F85: 1 | G85: =IF(OR(N85="",N85>기본입력!$C$34),"",VLOOKUP(O85,기본입력!$A$9:$F$33,5)) -> 양현수_53778 | H85: =IF(OR(N85="",N85>기본입력!$C$34),"",기본입력!$C$6) -> 1교육실(실습겸용강의실)_243089 | I85: =IF(OR(O85="",N85>기본입력!$C$34),"",VLOOKUP(O85,기본입력!$A$9:$F$33,6,FALSE)) -> 웹 애플리케이션 개발__3 | J85: =IF(F85="2","",LEFT(I85,FIND("_",I85,2)-1)) -> 웹 애플리케이션 개발 | K85: =IF(F85="2","",LEFT(H85,FIND("_",H85,2)-1)) -> 1교육실(실습겸용강의실) | L85: =IF(F85="2","",LEFT(G85,FIND("_",G85,2)-1)) -> 양현수 | N85: =IF(F85="2","",COUNTIF($F$3:$F85,"=1")) -> 74 | O85: =IF(F85="2","",IF(N85<=누적시수1,1,IF(N85<=누적시수2,2,IF(N85<=누적시수3,3,IF(N85<=누적시수4,4,IF(N85<=누적시수5,5,IF(N85<=누적시수6,6,IF(N85<=누적시수7,7,IF(N85<=누적시수8,8,IF(N85<=누적시수9,9,IF(N85<=누적시수10,10,IF(N85<=누적시수11,11,IF(N85<=누적시수12,12,IF(N85<=누적시수13,13,IF(N85<=누적시수14,14,IF(N85<=누적시수15,15,IF(N85<=누적시수16,16,IF(N85<=누적시수17,17,IF(N85<=누적시수18,18,IF(N85<=누적시수19,19,IF(N85<=누적시수20,20,IF(N85<=누적시수21,21,IF(N85<=누적시수22,22,IF(N85<=누적시수23,23,IF(N85<=누적시수24,24,IF(N85<=누적시수25,25,0)))))))))))))))))))))))))) -> 1 | P85: =MOD(ROW(),9) -> 4 | Q85: =COUNTIF($P$3:P85,"=3") -> 10 | R85: =WORKDAY(기본입력!$H$2,Q85-1,공휴일) -> 45940
A86: =TEXT(R86,"yyyymmdd") -> 20251010 | B86: 0900 | C86: 1740 | E86: 1100 | F86: 1 | G86: =IF(OR(N86="",N86>기본입력!$C$34),"",VLOOKUP(O86,기본입력!$A$9:$F$33,5)) -> 양현수_53778 | H86: =IF(OR(N86="",N86>기본입력!$C$34),"",기본입력!$C$6) -> 1교육실(실습겸용강의실)_243089 | I86: =IF(OR(O86="",N86>기본입력!$C$34),"",VLOOKUP(O86,기본입력!$A$9:$F$33,6,FALSE)) -> 웹 애플리케이션 개발__3 | J86: =IF(F86="2","",LEFT(I86,FIND("_",I86,2)-1)) -> 웹 애플리케이션 개발 | K86: =IF(F86="2","",LEFT(H86,FIND("_",H86,2)-1)) -> 1교육실(실습겸용강의실) | L86: =IF(F86="2","",LEFT(G86,FIND("_",G86,2)-1)) -> 양현수 | N86: =IF(F86="2","",COUNTIF($F$3:$F86,"=1")) -> 75 | O86: =IF(F86="2","",IF(N86<=누적시수1,1,IF(N86<=누적시수2,2,IF(N86<=누적시수3,3,IF(N86<=누적시수4,4,IF(N86<=누적시수5,5,IF(N86<=누적시수6,6,IF(N86<=누적시수7,7,IF(N86<=누적시수8,8,IF(N86<=누적시수9,9,IF(N86<=누적시수10,10,IF(N86<=누적시수11,11,IF(N86<=누적시수12,12,IF(N86<=누적시수13,13,IF(N86<=누적시수14,14,IF(N86<=누적시수15,15,IF(N86<=누적시수16,16,IF(N86<=누적시수17,17,IF(N86<=누적시수18,18,IF(N86<=누적시수19,19,IF(N86<=누적시수20,20,IF(N86<=누적시수21,21,IF(N86<=누적시수22,22,IF(N86<=누적시수23,23,IF(N86<=누적시수24,24,IF(N86<=누적시수25,25,0)))))))))))))))))))))))))) -> 1 | P86: =MOD(ROW(),9) -> 5 | Q86: =COUNTIF($P$3:P86,"=3") -> 10 | R86: =WORKDAY(기본입력!$H$2,Q86-1,공휴일) -> 45940
A87: =TEXT(R87,"yyyymmdd") -> 20251010 | B87: 0900 | C87: 1740 | E87: 1200 | F87: 1 | G87: =IF(OR(N87="",N87>기본입력!$C$34),"",VLOOKUP(O87,기본입력!$A$9:$F$33,5)) -> 양현수_53778 | H87: =IF(OR(N87="",N87>기본입력!$C$34),"",기본입력!$C$6) -> 1교육실(실습겸용강의실)_243089 | I87: =IF(OR(O87="",N87>기본입력!$C$34),"",VLOOKUP(O87,기본입력!$A$9:$F$33,6,FALSE)) -> 웹 애플리케이션 개발__3 | J87: =IF(F87="2","",LEFT(I87,FIND("_",I87,2)-1)) -> 웹 애플리케이션 개발 | K87: =IF(F87="2","",LEFT(H87,FIND("_",H87,2)-1)) -> 1교육실(실습겸용강의실) | L87: =IF(F87="2","",LEFT(G87,FIND("_",G87,2)-1)) -> 양현수 | N87: =IF(F87="2","",COUNTIF($F$3:$F87,"=1")) -> 76 | O87: =IF(F87="2","",IF(N87<=누적시수1,1,IF(N87<=누적시수2,2,IF(N87<=누적시수3,3,IF(N87<=누적시수4,4,IF(N87<=누적시수5,5,IF(N87<=누적시수6,6,IF(N87<=누적시수7,7,IF(N87<=누적시수8,8,IF(N87<=누적시수9,9,IF(N87<=누적시수10,10,IF(N87<=누적시수11,11,IF(N87<=누적시수12,12,IF(N87<=누적시수13,13,IF(N87<=누적시수14,14,IF(N87<=누적시수15,15,IF(N87<=누적시수16,16,IF(N87<=누적시수17,17,IF(N87<=누적시수18,18,IF(N87<=누적시수19,19,IF(N87<=누적시수20,20,IF(N87<=누적시수21,21,IF(N87<=누적시수22,22,IF(N87<=누적시수23,23,IF(N87<=누적시수24,24,IF(N87<=누적시수25,25,0)))))))))))))))))))))))))) -> 1 | P87: =MOD(ROW(),9) -> 6 | Q87: =COUNTIF($P$3:P87,"=3") -> 10 | R87: =WORKDAY(기본입력!$H$2,Q87-1,공휴일) -> 45940
A88: =TEXT(R88,"yyyymmdd") -> 20251010 | B88: 0900 | C88: 1740 | E88: 1300 | F88: 2 | G88: =IF(OR(N88="",N88>기본입력!$C$34),"",VLOOKUP(O88,기본입력!$A$9:$F$33,5)) | H88: =IF(OR(N88="",N88>기본입력!$C$34),"",기본입력!$C$6) | I88: =IF(OR(O88="",N88>기본입력!$C$34),"",VLOOKUP(O88,기본입력!$A$9:$F$33,6,FALSE)) | J88: =IF(F88="2","",LEFT(I88,FIND("_",I88,2)-1)) | K88: =IF(F88="2","",LEFT(H88,FIND("_",H88,2)-1)) | L88: =IF(F88="2","",LEFT(G88,FIND("_",G88,2)-1)) | N88: =IF(F88="2","",COUNTIF($F$3:$F88,"=1")) | O88: =IF(F88="2","",IF(N88<=누적시수1,1,IF(N88<=누적시수2,2,IF(N88<=누적시수3,3,IF(N88<=누적시수4,4,IF(N88<=누적시수5,5,IF(N88<=누적시수6,6,IF(N88<=누적시수7,7,IF(N88<=누적시수8,8,IF(N88<=누적시수9,9,IF(N88<=누적시수10,10,IF(N88<=누적시수11,11,IF(N88<=누적시수12,12,IF(N88<=누적시수13,13,IF(N88<=누적시수14,14,IF(N88<=누적시수15,15,IF(N88<=누적시수16,16,IF(N88<=누적시수17,17,IF(N88<=누적시수18,18,IF(N88<=누적시수19,19,IF(N88<=누적시수20,20,IF(N88<=누적시수21,21,IF(N88<=누적시수22,22,IF(N88<=누적시수23,23,IF(N88<=누적시수24,24,IF(N88<=누적시수25,25,0)))))))))))))))))))))))))) | P88: =MOD(ROW(),9) -> 7 | Q88: =COUNTIF($P$3:P88,"=3") -> 10 | R88: =WORKDAY(기본입력!$H$2,Q88-1,공휴일) -> 45940
A89: =TEXT(R89,"yyyymmdd") -> 20251010 | B89: 0900 | C89: 1740 | E89: 1340 | F89: 1 | G89: =IF(OR(N89="",N89>기본입력!$C$34),"",VLOOKUP(O89,기본입력!$A$9:$F$33,5)) -> 양현수_53778 | H89: =IF(OR(N89="",N89>기본입력!$C$34),"",기본입력!$C$6) -> 1교육실(실습겸용강의실)_243089 | I89: =IF(OR(O89="",N89>기본입력!$C$34),"",VLOOKUP(O89,기본입력!$A$9:$F$33,6,FALSE)) -> 웹 애플리케이션 개발__3 | J89: =IF(F89="2","",LEFT(I89,FIND("_",I89,2)-1)) -> 웹 애플리케이션 개발 | K89: =IF(F89="2","",LEFT(H89,FIND("_",H89,2)-1)) -> 1교육실(실습겸용강의실) | L89: =IF(F89="2","",LEFT(G89,FIND("_",G89,2)-1)) -> 양현수 | N89: =IF(F89="2","",COUNTIF($F$3:$F89,"=1")) -> 77 | O89: =IF(F89="2","",IF(N89<=누적시수1,1,IF(N89<=누적시수2,2,IF(N89<=누적시수3,3,IF(N89<=누적시수4,4,IF(N89<=누적시수5,5,IF(N89<=누적시수6,6,IF(N89<=누적시수7,7,IF(N89<=누적시수8,8,IF(N89<=누적시수9,9,IF(N89<=누적시수10,10,IF(N89<=누적시수11,11,IF(N89<=누적시수12,12,IF(N89<=누적시수13,13,IF(N89<=누적시수14,14,IF(N89<=누적시수15,15,IF(N89<=누적시수16,16,IF(N89<=누적시수17,17,IF(N89<=누적시수18,18,IF(N89<=누적시수19,19,IF(N89<=누적시수20,20,IF(N89<=누적시수21,21,IF(N89<=누적시수22,22,IF(N89<=누적시수23,23,IF(N89<=누적시수24,24,IF(N89<=누적시수25,25,0)))))))))))))))))))))))))) -> 1 | P89: =MOD(ROW(),9) -> 8 | Q89: =COUNTIF($P$3:P89,"=3") -> 10 | R89: =WORKDAY(기본입력!$H$2,Q89-1,공휴일) -> 45940
A90: =TEXT(R90,"yyyymmdd") -> 20251010 | B90: 0900 | C90: 1740 | E90: 1440 | F90: 1 | G90: =IF(OR(N90="",N90>기본입력!$C$34),"",VLOOKUP(O90,기본입력!$A$9:$F$33,5)) -> 양현수_53778 | H90: =IF(OR(N90="",N90>기본입력!$C$34),"",기본입력!$C$6) -> 1교육실(실습겸용강의실)_243089 | I90: =IF(OR(O90="",N90>기본입력!$C$34),"",VLOOKUP(O90,기본입력!$A$9:$F$33,6,FALSE)) -> 웹 애플리케이션 개발__3 | J90: =IF(F90="2","",LEFT(I90,FIND("_",I90,2)-1)) -> 웹 애플리케이션 개발 | K90: =IF(F90="2","",LEFT(H90,FIND("_",H90,2)-1)) -> 1교육실(실습겸용강의실) | L90: =IF(F90="2","",LEFT(G90,FIND("_",G90,2)-1)) -> 양현수 | N90: =IF(F90="2","",COUNTIF($F$3:$F90,"=1")) -> 78 | O90: =IF(F90="2","",IF(N90<=누적시수1,1,IF(N90<=누적시수2,2,IF(N90<=누적시수3,3,IF(N90<=누적시수4,4,IF(N90<=누적시수5,5,IF(N90<=누적시수6,6,IF(N90<=누적시수7,7,IF(N90<=누적시수8,8,IF(N90<=누적시수9,9,IF(N90<=누적시수10,10,IF(N90<=누적시수11,11,IF(N90<=누적시수12,12,IF(N90<=누적시수13,13,IF(N90<=누적시수14,14,IF(N90<=누적시수15,15,IF(N90<=누적시수16,16,IF(N90<=누적시수17,17,IF(N90<=누적시수18,18,IF(N90<=누적시수19,19,IF(N90<=누적시수20,20,IF(N90<=누적시수21,21,IF(N90<=누적시수22,22,IF(N90<=누적시수23,23,IF(N90<=누적시수24,24,IF(N90<=누적시수25,25,0)))))))))))))))))))))))))) -> 1 | P90: =MOD(ROW(),9) -> 0 | Q90: =COUNTIF($P$3:P90,"=3") -> 10 | R90: =WORKDAY(기본입력!$H$2,Q90-1,공휴일) -> 45940
A91: =TEXT(R91,"yyyymmdd") -> 20251010 | B91: 0900 | C91: 1740 | E91: 1540 | F91: 1 | G91: =IF(OR(N91="",N91>기본입력!$C$34),"",VLOOKUP(O91,기본입력!$A$9:$F$33,5)) -> 양현수_53778 | H91: =IF(OR(N91="",N91>기본입력!$C$34),"",기본입력!$C$6) -> 1교육실(실습겸용강의실)_243089 | I91: =IF(OR(O91="",N91>기본입력!$C$34),"",VLOOKUP(O91,기본입력!$A$9:$F$33,6,FALSE)) -> 웹 애플리케이션 개발__3 | J91: =IF(F91="2","",LEFT(I91,FIND("_",I91,2)-1)) -> 웹 애플리케이션 개발 | K91: =IF(F91="2","",LEFT(H91,FIND("_",H91,2)-1)) -> 1교육실(실습겸용강의실) | L91: =IF(F91="2","",LEFT(G91,FIND("_",G91,2)-1)) -> 양현수 | N91: =IF(F91="2","",COUNTIF($F$3:$F91,"=1")) -> 79 | O91: =IF(F91="2","",IF(N91<=누적시수1,1,IF(N91<=누적시수2,2,IF(N91<=누적시수3,3,IF(N91<=누적시수4,4,IF(N91<=누적시수5,5,IF(N91<=누적시수6,6,IF(N91<=누적시수7,7,IF(N91<=누적시수8,8,IF(N91<=누적시수9,9,IF(N91<=누적시수10,10,IF(N91<=누적시수11,11,IF(N91<=누적시수12,12,IF(N91<=누적시수13,13,IF(N91<=누적시수14,14,IF(N91<=누적시수15,15,IF(N91<=누적시수16,16,IF(N91<=누적시수17,17,IF(N91<=누적시수18,18,IF(N91<=누적시수19,19,IF(N91<=누적시수20,20,IF(N91<=누적시수21,21,IF(N91<=누적시수22,22,IF(N91<=누적시수23,23,IF(N91<=누적시수24,24,IF(N91<=누적시수25,25,0)))))))))))))))))))))))))) -> 1 | P91: =MOD(ROW(),9) -> 1 | Q91: =COUNTIF($P$3:P91,"=3") -> 10 | R91: =WORKDAY(기본입력!$H$2,Q91-1,공휴일) -> 45940
A92: =TEXT(R92,"yyyymmdd") -> 20251010 | B92: 0900 | C92: 1740 | E92: 1640 | F92: 1 | G92: =IF(OR(N92="",N92>기본입력!$C$34),"",VLOOKUP(O92,기본입력!$A$9:$F$33,5)) -> 양현수_53778 | H92: =IF(OR(N92="",N92>기본입력!$C$34),"",기본입력!$C$6) -> 1교육실(실습겸용강의실)_243089 | I92: =IF(OR(O92="",N92>기본입력!$C$34),"",VLOOKUP(O92,기본입력!$A$9:$F$33,6,FALSE)) -> 웹 애플리케이션 개발__3 | J92: =IF(F92="2","",LEFT(I92,FIND("_",I92,2)-1)) -> 웹 애플리케이션 개발 | K92: =IF(F92="2","",LEFT(H92,FIND("_",H92,2)-1)) -> 1교육실(실습겸용강의실) | L92: =IF(F92="2","",LEFT(G92,FIND("_",G92,2)-1)) -> 양현수 | N92: =IF(F92="2","",COUNTIF($F$3:$F92,"=1")) -> 80 | O92: =IF(F92="2","",IF(N92<=누적시수1,1,IF(N92<=누적시수2,2,IF(N92<=누적시수3,3,IF(N92<=누적시수4,4,IF(N92<=누적시수5,5,IF(N92<=누적시수6,6,IF(N92<=누적시수7,7,IF(N92<=누적시수8,8,IF(N92<=누적시수9,9,IF(N92<=누적시수10,10,IF(N92<=누적시수11,11,IF(N92<=누적시수12,12,IF(N92<=누적시수13,13,IF(N92<=누적시수14,14,IF(N92<=누적시수15,15,IF(N92<=누적시수16,16,IF(N92<=누적시수17,17,IF(N92<=누적시수18,18,IF(N92<=누적시수19,19,IF(N92<=누적시수20,20,IF(N92<=누적시수21,21,IF(N92<=누적시수22,22,IF(N92<=누적시수23,23,IF(N92<=누적시수24,24,IF(N92<=누적시수25,25,0)))))))))))))))))))))))))) -> 1 | P92: =MOD(ROW(),9) -> 2 | Q92: =COUNTIF($P$3:P92,"=3") -> 10 | R92: =WORKDAY(기본입력!$H$2,Q92-1,공휴일) -> 45940
A93: =TEXT(R93,"yyyymmdd") -> 20251013 | B93: 0900 | C93: 1740 | E93: 0900 | F93: 1 | G93: =IF(OR(N93="",N93>기본입력!$C$34),"",VLOOKUP(O93,기본입력!$A$9:$F$33,5)) -> 양현수_53778 | H93: =IF(OR(N93="",N93>기본입력!$C$34),"",기본입력!$C$6) -> 1교육실(실습겸용강의실)_243089 | I93: =IF(OR(O93="",N93>기본입력!$C$34),"",VLOOKUP(O93,기본입력!$A$9:$F$33,6,FALSE)) -> 웹&콘텐츠 서비스 개발__4 | J93: =IF(F93="2","",LEFT(I93,FIND("_",I93,2)-1)) -> 웹&콘텐츠 서비스 개발 | K93: =IF(F93="2","",LEFT(H93,FIND("_",H93,2)-1)) -> 1교육실(실습겸용강의실) | L93: =IF(F93="2","",LEFT(G93,FIND("_",G93,2)-1)) -> 양현수 | N93: =IF(F93="2","",COUNTIF($F$3:$F93,"=1")) -> 81 | O93: =IF(F93="2","",IF(N93<=누적시수1,1,IF(N93<=누적시수2,2,IF(N93<=누적시수3,3,IF(N93<=누적시수4,4,IF(N93<=누적시수5,5,IF(N93<=누적시수6,6,IF(N93<=누적시수7,7,IF(N93<=누적시수8,8,IF(N93<=누적시수9,9,IF(N93<=누적시수10,10,IF(N93<=누적시수11,11,IF(N93<=누적시수12,12,IF(N93<=누적시수13,13,IF(N93<=누적시수14,14,IF(N93<=누적시수15,15,IF(N93<=누적시수16,16,IF(N93<=누적시수17,17,IF(N93<=누적시수18,18,IF(N93<=누적시수19,19,IF(N93<=누적시수20,20,IF(N93<=누적시수21,21,IF(N93<=누적시수22,22,IF(N93<=누적시수23,23,IF(N93<=누적시수24,24,IF(N93<=누적시수25,25,0)))))))))))))))))))))))))) -> 2 | P93: =MOD(ROW(),9) -> 3 | Q93: =COUNTIF($P$3:P93,"=3") -> 11 | R93: =WORKDAY(기본입력!$H$2,Q93-1,공휴일) -> 45943
A94: =TEXT(R94,"yyyymmdd") -> 20251013 | B94: 0900 | C94: 1740 | E94: 1000 | F94: 1 | G94: =IF(OR(N94="",N94>기본입력!$C$34),"",VLOOKUP(O94,기본입력!$A$9:$F$33,5)) -> 양현수_53778 | H94: =IF(OR(N94="",N94>기본입력!$C$34),"",기본입력!$C$6) -> 1교육실(실습겸용강의실)_243089 | I94: =IF(OR(O94="",N94>기본입력!$C$34),"",VLOOKUP(O94,기본입력!$A$9:$F$33,6,FALSE)) -> 웹&콘텐츠 서비스 개발__4 | J94: =IF(F94="2","",LEFT(I94,FIND("_",I94,2)-1)) -> 웹&콘텐츠 서비스 개발 | K94: =IF(F94="2","",LEFT(H94,FIND("_",H94,2)-1)) -> 1교육실(실습겸용강의실) | L94: =IF(F94="2","",LEFT(G94,FIND("_",G94,2)-1)) -> 양현수 | N94: =IF(F94="2","",COUNTIF($F$3:$F94,"=1")) -> 82 | O94: =IF(F94="2","",IF(N94<=누적시수1,1,IF(N94<=누적시수2,2,IF(N94<=누적시수3,3,IF(N94<=누적시수4,4,IF(N94<=누적시수5,5,IF(N94<=누적시수6,6,IF(N94<=누적시수7,7,IF(N94<=누적시수8,8,IF(N94<=누적시수9,9,IF(N94<=누적시수10,10,IF(N94<=누적시수11,11,IF(N94<=누적시수12,12,IF(N94<=누적시수13,13,IF(N94<=누적시수14,14,IF(N94<=누적시수15,15,IF(N94<=누적시수16,16,IF(N94<=누적시수17,17,IF(N94<=누적시수18,18,IF(N94<=누적시수19,19,IF(N94<=누적시수20,20,IF(N94<=누적시수21,21,IF(N94<=누적시수22,22,IF(N94<=누적시수23,23,IF(N94<=누적시수24,24,IF(N94<=누적시수25,25,0)))))))))))))))))))))))))) -> 2 | P94: =MOD(ROW(),9) -> 4 | Q94: =COUNTIF($P$3:P94,"=3") -> 11 | R94: =WORKDAY(기본입력!$H$2,Q94-1,공휴일) -> 45943
A95: =TEXT(R95,"yyyymmdd") -> 20251013 | B95: 0900 | C95: 1740 | E95: 1100 | F95: 1 | G95: =IF(OR(N95="",N95>기본입력!$C$34),"",VLOOKUP(O95,기본입력!$A$9:$F$33,5)) -> 양현수_53778 | H95: =IF(OR(N95="",N95>기본입력!$C$34),"",기본입력!$C$6) -> 1교육실(실습겸용강의실)_243089 | I95: =IF(OR(O95="",N95>기본입력!$C$34),"",VLOOKUP(O95,기본입력!$A$9:$F$33,6,FALSE)) -> 웹&콘텐츠 서비스 개발__4 | J95: =IF(F95="2","",LEFT(I95,FIND("_",I95,2)-1)) -> 웹&콘텐츠 서비스 개발 | K95: =IF(F95="2","",LEFT(H95,FIND("_",H95,2)-1)) -> 1교육실(실습겸용강의실) | L95: =IF(F95="2","",LEFT(G95,FIND("_",G95,2)-1)) -> 양현수 | N95: =IF(F95="2","",COUNTIF($F$3:$F95,"=1")) -> 83 | O95: =IF(F95="2","",IF(N95<=누적시수1,1,IF(N95<=누적시수2,2,IF(N95<=누적시수3,3,IF(N95<=누적시수4,4,IF(N95<=누적시수5,5,IF(N95<=누적시수6,6,IF(N95<=누적시수7,7,IF(N95<=누적시수8,8,IF(N95<=누적시수9,9,IF(N95<=누적시수10,10,IF(N95<=누적시수11,11,IF(N95<=누적시수12,12,IF(N95<=누적시수13,13,IF(N95<=누적시수14,14,IF(N95<=누적시수15,15,IF(N95<=누적시수16,16,IF(N95<=누적시수17,17,IF(N95<=누적시수18,18,IF(N95<=누적시수19,19,IF(N95<=누적시수20,20,IF(N95<=누적시수21,21,IF(N95<=누적시수22,22,IF(N95<=누적시수23,23,IF(N95<=누적시수24,24,IF(N95<=누적시수25,25,0)))))))))))))))))))))))))) -> 2 | P95: =MOD(ROW(),9) -> 5 | Q95: =COUNTIF($P$3:P95,"=3") -> 11 | R95: =WORKDAY(기본입력!$H$2,Q95-1,공휴일) -> 45943
A96: =TEXT(R96,"yyyymmdd") -> 20251013 | B96: 0900 | C96: 1740 | E96: 1200 | F96: 1 | G96: =IF(OR(N96="",N96>기본입력!$C$34),"",VLOOKUP(O96,기본입력!$A$9:$F$33,5)) -> 양현수_53778 | H96: =IF(OR(N96="",N96>기본입력!$C$34),"",기본입력!$C$6) -> 1교육실(실습겸용강의실)_243089 | I96: =IF(OR(O96="",N96>기본입력!$C$34),"",VLOOKUP(O96,기본입력!$A$9:$F$33,6,FALSE)) -> 웹&콘텐츠 서비스 개발__4 | J96: =IF(F96="2","",LEFT(I96,FIND("_",I96,2)-1)) -> 웹&콘텐츠 서비스 개발 | K96: =IF(F96="2","",LEFT(H96,FIND("_",H96,2)-1)) -> 1교육실(실습겸용강의실) | L96: =IF(F96="2","",LEFT(G96,FIND("_",G96,2)-1)) -> 양현수 | N96: =IF(F96="2","",COUNTIF($F$3:$F96,"=1")) -> 84 | O96: =IF(F96="2","",IF(N96<=누적시수1,1,IF(N96<=누적시수2,2,IF(N96<=누적시수3,3,IF(N96<=누적시수4,4,IF(N96<=누적시수5,5,IF(N96<=누적시수6,6,IF(N96<=누적시수7,7,IF(N96<=누적시수8,8,IF(N96<=누적시수9,9,IF(N96<=누적시수10,10,IF(N96<=누적시수11,11,IF(N96<=누적시수12,12,IF(N96<=누적시수13,13,IF(N96<=누적시수14,14,IF(N96<=누적시수15,15,IF(N96<=누적시수16,16,IF(N96<=누적시수17,17,IF(N96<=누적시수18,18,IF(N96<=누적시수19,19,IF(N96<=누적시수20,20,IF(N96<=누적시수21,21,IF(N96<=누적시수22,22,IF(N96<=누적시수23,23,IF(N96<=누적시수24,24,IF(N96<=누적시수25,25,0)))))))))))))))))))))))))) -> 2 | P96: =MOD(ROW(),9) -> 6 | Q96: =COUNTIF($P$3:P96,"=3") -> 11 | R96: =WORKDAY(기본입력!$H$2,Q96-1,공휴일) -> 45943
A97: =TEXT(R97,"yyyymmdd") -> 20251013 | B97: 0900 | C97: 1740 | E97: 1300 | F97: 2 | G97: =IF(OR(N97="",N97>기본입력!$C$34),"",VLOOKUP(O97,기본입력!$A$9:$F$33,5)) | H97: =IF(OR(N97="",N97>기본입력!$C$34),"",기본입력!$C$6) | I97: =IF(OR(O97="",N97>기본입력!$C$34),"",VLOOKUP(O97,기본입력!$A$9:$F$33,6,FALSE)) | J97: =IF(F97="2","",LEFT(I97,FIND("_",I97,2)-1)) | K97: =IF(F97="2","",LEFT(H97,FIND("_",H97,2)-1)) | L97: =IF(F97="2","",LEFT(G97,FIND("_",G97,2)-1)) | N97: =IF(F97="2","",COUNTIF($F$3:$F97,"=1")) | O97: =IF(F97="2","",IF(N97<=누적시수1,1,IF(N97<=누적시수2,2,IF(N97<=누적시수3,3,IF(N97<=누적시수4,4,IF(N97<=누적시수5,5,IF(N97<=누적시수6,6,IF(N97<=누적시수7,7,IF(N97<=누적시수8,8,IF(N97<=누적시수9,9,IF(N97<=누적시수10,10,IF(N97<=누적시수11,11,IF(N97<=누적시수12,12,IF(N97<=누적시수13,13,IF(N97<=누적시수14,14,IF(N97<=누적시수15,15,IF(N97<=누적시수16,16,IF(N97<=누적시수17,17,IF(N97<=누적시수18,18,IF(N97<=누적시수19,19,IF(N97<=누적시수20,20,IF(N97<=누적시수21,21,IF(N97<=누적시수22,22,IF(N97<=누적시수23,23,IF(N97<=누적시수24,24,IF(N97<=누적시수25,25,0)))))))))))))))))))))))))) | P97: =MOD(ROW(),9) -> 7 | Q97: =COUNTIF($P$3:P97,"=3") -> 11 | R97: =WORKDAY(기본입력!$H$2,Q97-1,공휴일) -> 45943
A98: =TEXT(R98,"yyyymmdd") -> 20251013 | B98: 0900 | C98: 1740 | E98: 1340 | F98: 1 | G98: =IF(OR(N98="",N98>기본입력!$C$34),"",VLOOKUP(O98,기본입력!$A$9:$F$33,5)) -> 양현수_53778 | H98: =IF(OR(N98="",N98>기본입력!$C$34),"",기본입력!$C$6) -> 1교육실(실습겸용강의실)_243089 | I98: =IF(OR(O98="",N98>기본입력!$C$34),"",VLOOKUP(O98,기본입력!$A$9:$F$33,6,FALSE)) -> 웹&콘텐츠 서비스 개발__4 | J98: =IF(F98="2","",LEFT(I98,FIND("_",I98,2)-1)) -> 웹&콘텐츠 서비스 개발 | K98: =IF(F98="2","",LEFT(H98,FIND("_",H98,2)-1)) -> 1교육실(실습겸용강의실) | L98: =IF(F98="2","",LEFT(G98,FIND("_",G98,2)-1)) -> 양현수 | N98: =IF(F98="2","",COUNTIF($F$3:$F98,"=1")) -> 85 | O98: =IF(F98="2","",IF(N98<=누적시수1,1,IF(N98<=누적시수2,2,IF(N98<=누적시수3,3,IF(N98<=누적시수4,4,IF(N98<=누적시수5,5,IF(N98<=누적시수6,6,IF(N98<=누적시수7,7,IF(N98<=누적시수8,8,IF(N98<=누적시수9,9,IF(N98<=누적시수10,10,IF(N98<=누적시수11,11,IF(N98<=누적시수12,12,IF(N98<=누적시수13,13,IF(N98<=누적시수14,14,IF(N98<=누적시수15,15,IF(N98<=누적시수16,16,IF(N98<=누적시수17,17,IF(N98<=누적시수18,18,IF(N98<=누적시수19,19,IF(N98<=누적시수20,20,IF(N98<=누적시수21,21,IF(N98<=누적시수22,22,IF(N98<=누적시수23,23,IF(N98<=누적시수24,24,IF(N98<=누적시수25,25,0)))))))))))))))))))))))))) -> 2 | P98: =MOD(ROW(),9) -> 8 | Q98: =COUNTIF($P$3:P98,"=3") -> 11 | R98: =WORKDAY(기본입력!$H$2,Q98-1,공휴일) -> 45943
A99: =TEXT(R99,"yyyymmdd") -> 20251013 | B99: 0900 | C99: 1740 | E99: 1440 | F99: 1 | G99: =IF(OR(N99="",N99>기본입력!$C$34),"",VLOOKUP(O99,기본입력!$A$9:$F$33,5)) -> 양현수_53778 | H99: =IF(OR(N99="",N99>기본입력!$C$34),"",기본입력!$C$6) -> 1교육실(실습겸용강의실)_243089 | I99: =IF(OR(O99="",N99>기본입력!$C$34),"",VLOOKUP(O99,기본입력!$A$9:$F$33,6,FALSE)) -> 웹&콘텐츠 서비스 개발__4 | J99: =IF(F99="2","",LEFT(I99,FIND("_",I99,2)-1)) -> 웹&콘텐츠 서비스 개발 | K99: =IF(F99="2","",LEFT(H99,FIND("_",H99,2)-1)) -> 1교육실(실습겸용강의실) | L99: =IF(F99="2","",LEFT(G99,FIND("_",G99,2)-1)) -> 양현수 | N99: =IF(F99="2","",COUNTIF($F$3:$F99,"=1")) -> 86 | O99: =IF(F99="2","",IF(N99<=누적시수1,1,IF(N99<=누적시수2,2,IF(N99<=누적시수3,3,IF(N99<=누적시수4,4,IF(N99<=누적시수5,5,IF(N99<=누적시수6,6,IF(N99<=누적시수7,7,IF(N99<=누적시수8,8,IF(N99<=누적시수9,9,IF(N99<=누적시수10,10,IF(N99<=누적시수11,11,IF(N99<=누적시수12,12,IF(N99<=누적시수13,13,IF(N99<=누적시수14,14,IF(N99<=누적시수15,15,IF(N99<=누적시수16,16,IF(N99<=누적시수17,17,IF(N99<=누적시수18,18,IF(N99<=누적시수19,19,IF(N99<=누적시수20,20,IF(N99<=누적시수21,21,IF(N99<=누적시수22,22,IF(N99<=누적시수23,23,IF(N99<=누적시수24,24,IF(N99<=누적시수25,25,0)))))))))))))))))))))))))) -> 2 | P99: =MOD(ROW(),9) -> 0 | Q99: =COUNTIF($P$3:P99,"=3") -> 11 | R99: =WORKDAY(기본입력!$H$2,Q99-1,공휴일) -> 45943
A100: =TEXT(R100,"yyyymmdd") -> 20251013 | B100: 0900 | C100: 1740 | E100: 1540 | F100: 1 | G100: =IF(OR(N100="",N100>기본입력!$C$34),"",VLOOKUP(O100,기본입력!$A$9:$F$33,5)) -> 양현수_53778 | H100: =IF(OR(N100="",N100>기본입력!$C$34),"",기본입력!$C$6) -> 1교육실(실습겸용강의실)_243089 | I100: =IF(OR(O100="",N100>기본입력!$C$34),"",VLOOKUP(O100,기본입력!$A$9:$F$33,6,FALSE)) -> 웹&콘텐츠 서비스 개발__4 | J100: =IF(F100="2","",LEFT(I100,FIND("_",I100,2)-1)) -> 웹&콘텐츠 서비스 개발 | K100: =IF(F100="2","",LEFT(H100,FIND("_",H100,2)-1)) -> 1교육실(실습겸용강의실) | L100: =IF(F100="2","",LEFT(G100,FIND("_",G100,2)-1)) -> 양현수 | N100: =IF(F100="2","",COUNTIF($F$3:$F100,"=1")) -> 87 | O100: =IF(F100="2","",IF(N100<=누적시수1,1,IF(N100<=누적시수2,2,IF(N100<=누적시수3,3,IF(N100<=누적시수4,4,IF(N100<=누적시수5,5,IF(N100<=누적시수6,6,IF(N100<=누적시수7,7,IF(N100<=누적시수8,8,IF(N100<=누적시수9,9,IF(N100<=누적시수10,10,IF(N100<=누적시수11,11,IF(N100<=누적시수12,12,IF(N100<=누적시수13,13,IF(N100<=누적시수14,14,IF(N100<=누적시수15,15,IF(N100<=누적시수16,16,IF(N100<=누적시수17,17,IF(N100<=누적시수18,18,IF(N100<=누적시수19,19,IF(N100<=누적시수20,20,IF(N100<=누적시수21,21,IF(N100<=누적시수22,22,IF(N100<=누적시수23,23,IF(N100<=누적시수24,24,IF(N100<=누적시수25,25,0)))))))))))))))))))))))))) -> 2 | P100: =MOD(ROW(),9) -> 1 | Q100: =COUNTIF($P$3:P100,"=3") -> 11 | R100: =WORKDAY(기본입력!$H$2,Q100-1,공휴일) -> 45943
...

Sheet 시간표(상용)
B1: 1 | G1: 2 | L1: 3 | Q1: 4 | V1: 5 | AA1: 6 | AF1: 7 | AK1: 8 | AP1: 9 | AU1: 10 | AZ1: 11 | BE1: 12 | BJ1: 13 | BO1: 14 | BT1: 15 | BY1: 16 | CD1: 17 | CI1: 18 | CN1: 19 | CS1: 20 | CX1: 21 | DC1: 22 | DH1: 23 | DM1: 24 | DR1: 25 | DW1: 26 | EB1: 27 | EG1: 28 | EL1: 29
B2: =TEXT(B6,"yyyy년 m월 ")&B1&"주차 시간표" -> 2025년 9월 1주차 시간표 | G2: =TEXT(G6,"yyyy년 m월 ")&G1&"주차 시간표" -> 2025년 9월 2주차 시간표 | L2: =TEXT(L6,"yyyy년 m월 ")&L1&"주차 시간표" -> 2025년 10월 3주차 시간표 | Q2: =TEXT(Q6,"yyyy년 m월 ")&Q1&"주차 시간표" -> 2025년 10월 4주차 시간표 | V2: =TEXT(V6,"yyyy년 m월 ")&V1&"주차 시간표" -> 2025년 10월 5주차 시간표 | AA2: =TEXT(AA6,"yyyy년 m월 ")&AA1&"주차 시간표" -> 2025년 10월 6주차 시간표 | AF2: =TEXT(AF6,"yyyy년 m월 ")&AF1&"주차 시간표" -> 2025년 11월 7주차 시간표 | AK2: =TEXT(AK6,"yyyy년 m월 ")&AK1&"주차 시간표" -> 2025년 11월 8주차 시간표 | AP2: =TEXT(AP6,"yyyy년 m월 ")&AP1&"주차 시간표" -> 2025년 11월 9주차 시간표 | AU2: =TEXT(AU6,"yyyy년 m월 ")&AU1&"주차 시간표" -> 2025년 11월 10주차 시간표 | AZ2: =TEXT(AZ6,"yyyy년 m월 ")&AZ1&"주차 시간표" -> 2025년 12월 11주차 시간표 | BE2: =TEXT(BE6,"yyyy년 m월 ")&BE1&"주차 시간표" -> 2025년 12월 12주차 시간표 | BJ2: =TEXT(BJ6,"yyyy년 m월 ")&BJ1&"주차 시간표" -> 2025년 12월 13주차 시간표 | BO2: =TEXT(BO6,"yyyy년 m월 ")&BO1&"주차 시간표" -> 2025년 12월 14주차 시간표 | BT2: =TEXT(BT6,"yyyy년 m월 ")&BT1&"주차 시간표" -> 2025년 12월 15주차 시간표 | BY2: =TEXT(BY6,"yyyy년 m월 ")&BY1&"주차 시간표" -> 2026년 1월 16주차 시간표 | CD2: =TEXT(CD6,"yyyy년 m월 ")&CD1&"주차 시간표" -> 2026년 1월 17주차 시간표 | CI2: =TEXT(CI6,"yyyy년 m월 ")&CI1&"주차 시간표" -> 2026년 1월 18주차 시간표 | CN2: =TEXT(CN6,"yyyy년 m월 ")&CN1&"주차 시간표" -> 2026년 1월 19주차 시간표 | CS2: =TEXT(CS6,"yyyy년 m월 ")&CS1&"주차 시간표" -> 2026년 2월 20주차 시간표 | CX2: =TEXT(CX6,"yyyy년 m월 ")&CX1&"주차 시간표" -> 2026년 2월 21주차 시간표 | DC2: =TEXT(DC6,"yyyy년 m월 ")&DC1&"주차 시간표" -> 2026년 2월 22주차 시간표 | DH2: =TEXT(DH6,"yyyy년 m월 ")&DH1&"주차 시간표" -> 2026년 2월 23주차 시간표 | DM2: =TEXT(DM6,"yyyy년 m월 ")&DM1&"주차 시간표" -> 2026년 3월 24주차 시간표 | DR2: =TEXT(DM6,"yyyy년 m월 ")&DM1&"주차 시간표" -> 2026년 3월 24주차 시간표 | DW2: =TEXT(DW6,"yyyy년 m월 ")&DW1&"주차 시간표" -> 2026년 3월 26주차 시간표 | EB2: =TEXT(EB6,"yyyy년 m월 ")&EB1&"주차 시간표" -> 2026년 3월 27주차 시간표 | EG2: =TEXT(EG6,"yyyy년 m월 ")&EG1&"주차 시간표" -> 2026년 3월 28주차 시간표 | EL2: =TEXT(EL6,"yyyy년 m월 ")&EL1&"주차 시간표" -> 2026년 4월 29주차 시간표
B3: =기본입력!$C$1&" ("&기본입력!$C$2&")" -> 인공지능(AI),빅데이터 활용 웹솔루션 개발자 양성(Python, Java) (2025.09.22~2026.03.25) | G3: =기본입력!$C$1&" ("&기본입력!$C$2&")" -> 인공지능(AI),빅데이터 활용 웹솔루션 개발자 양성(Python, Java) (2025.09.22~2026.03.25) | L3: =기본입력!$C$1&" ("&기본입력!$C$2&")" -> 인공지능(AI),빅데이터 활용 웹솔루션 개발자 양성(Python, Java) (2025.09.22~2026.03.25) | Q3: =기본입력!$C$1&" ("&기본입력!$C$2&")" -> 인공지능(AI),빅데이터 활용 웹솔루션 개발자 양성(Python, Java) (2025.09.22~2026.03.25) | V3: =기본입력!$C$1&" ("&기본입력!$C$2&")" -> 인공지능(AI),빅데이터 활용 웹솔루션 개발자 양성(Python, Java) (2025.09.22~2026.03.25) | AA3: =기본입력!$C$1&" ("&기본입력!$C$2&")" -> 인공지능(AI),빅데이터 활용 웹솔루션 개발자 양성(Python, Java) (2025.09.22~2026.03.25) | AF3: =기본입력!$C$1&" ("&기본입력!$C$2&")" -> 인공지능(AI),빅데이터 활용 웹솔루션 개발자 양성(Python, Java) (2025.09.22~2026.03.25) | AK3: =기본입력!$C$1&" ("&기본입력!$C$2&")" -> 인공지능(AI),빅데이터 활용 웹솔루션 개발자 양성(Python, Java) (2025.09.22~2026.03.25) | AP3: =기본입력!$C$1&" ("&기본입력!$C$2&")" -> 인공지능(AI),빅데이터 활용 웹솔루션 개발자 양성(Python, Java) (2025.09.22~2026.03.25) | AU3: =기본입력!$C$1&" ("&기본입력!$C$2&")" -> 인공지능(AI),빅데이터 활용 웹솔루션 개발자 양성(Python, Java) (2025.09.22~2026.03.25) | AZ3: =기본입력!$C$1&" ("&기본입력!$C$2&")" -> 인공지능(AI),빅데이터 활용 웹솔루션 개발자 양성(Python, Java) (2025.09.22~2026.03.25) | BE3: =기본입력!$C$1&" ("&기본입력!$C$2&")" -> 인공지능(AI),빅데이터 활용 웹솔루션 개발자 양성(Python, Java) (2025.09.22~2026.03.25) | BJ3: =기본입력!$C$1&" ("&기본입력!$C$2&")" -> 인공지능(AI),빅데이터 활용 웹솔루션 개발자 양성(Python, Java) (2025.09.22~2026.03.25) | BO3: =기본입력!$C$1&" ("&기본입력!$C$2&")" -> 인공지능(AI),빅데이터 활용 웹솔루션 개발자 양성(Python, Java) (2025.09.22~2026.03.25) | BT3: =기본입력!$C$1&" ("&기본입력!$C$2&")" -> 인공지능(AI),빅데이터 활용 웹솔루션 개발자 양성(Python, Java) (2025.09.22~2026.03.25) | BY3: =기본입력!$C$1&" ("&기본입력!$C$2&")" -> 인공지능(AI),빅데이터 활용 웹솔루션 개발자 양성(Python, Java) (2025.09.22~2026.03.25) | CD3: =기본입력!$C$1&" ("&기본입력!$C$2&")" -> 인공지능(AI),빅데이터 활용 웹솔루션 개발자 양성(Python, Java) (2025.09.22~2026.03.25) | CI3: =기본입력!$C$1&" ("&기본입력!$C$2&")" -> 인공지능(AI),빅데이터 활용 웹솔루션 개발자 양성(Python, Java) (2025.09.22~2026.03.25) | CN3: =기본입력!$C$1&" ("&기본입력!$C$2&")" -> 인공지능(AI),빅데이터 활용 웹솔루션 개발자 양성(Python, Java) (2025.09.22~2026.03.25) | CS3: =기본입력!$C$1&" ("&기본입력!$C$2&")" -> 인공지능(AI),빅데이터 활용 웹솔루션 개발자 양성(Python, Java) (2025.09.22~2026.03.25) | CX3: =기본입력!$C$1&" ("&기본입력!$C$2&")" -> 인공지능(AI),빅데이터 활용 웹솔루션 개발자 양성(Python, Java) (2025.09.22~2026.03.25) | DC3: =기본입력!$C$1&" ("&기본입력!$C$2&")" -> 인공지능(AI),빅데이터 활용 웹솔루션 개발자 양성(Python, Java) (2025.09.22~2026.03.25) | DH3: =기본입력!$C$1&" ("&기본입력!$C$2&")" -> 인공지능(AI),빅데이터 활용 웹솔루션 개발자 양성(Python, Java) (2025.09.22~2026.03.25) | DM3: =기본입력!$C$1&" ("&기본입력!$C$2&")" -> 인공지능(AI),빅데이터 활용 웹솔루션 개발자 양성(Python, Java) (2025.09.22~2026.03.25) | DR3: =기본입력!$C$1&" ("&기본입력!$C$2&")" -> 인공지능(AI),빅데이터 활용 웹솔루션 개발자 양성(Python, Java) (2025.09.22~2026.03.25) | DW3: =기본입력!$C$1&" ("&기본입력!$C$2&")" -> 인공지능(AI),빅데이터 활용 웹솔루션 개발자 양성(Python, Java) (2025.09.22~2026.03.25) | EB3: =기본입력!$C$1&" ("&기본입력!$C$2&")" -> 인공지능(AI),빅데이터 활용 웹솔루션 개발자 양성(Python, Java) (2025.09.22~2026.03.25) | EG3: =기본입력!$C$1&" ("&기본입력!$C$2&")" -> 인공지능(AI),빅데이터 활용 웹솔루션 개발자 양성(Python, Java) (2025.09.22~2026.03.25) | EL3: =기본입력!$C$1&" ("&기본입력!$C$2&")" -> 인공지능(AI),빅데이터 활용 웹솔루션 개발자 양성(Python, Java) (2025.09.22~2026.03.25)
B4: =NETWORKDAYS(시작일,B6,공휴일) -> 1 | C4: =NETWORKDAYS(시작일,C6,공휴일) -> 2 | D4: =NETWORKDAYS(시작일,D6,공휴일) -> 3 | E4: =NETWORKDAYS(시작일,E6,공휴일) -> 4 | F4: =NETWORKDAYS(시작일,F6,공휴일) -> 5 | G4: =NETWORKDAYS(시작일,G6,공휴일) -> 6 | H4: =NETWORKDAYS(시작일,H6,공휴일) -> 7 | I4: =NETWORKDAYS(시작일,I6,공휴일) -> 8 | ... EP4: =NETWORKDAYS(시작일,EP6,공휴일) -> 134
A5: 교시 시간 | B5: =TEXT(B6,"aaaa") -> 월요일 | C5: =TEXT(C6,"aaaa") -> 화요일 | D5: =TEXT(D6,"aaaa") -> 수요일 | E5: =TEXT(E6,"aaaa") -> 목요일 | F5: =TEXT(F6,"aaaa") -> 금요일 | G5: =TEXT(G6,"aaaa") -> 월요일 | H5: =TEXT(H6,"aaaa") -> 화요일 | I5: =TEXT(I6,"aaaa") -> 수요일 | ... EP5: =TEXT(EP6,"aaaa") -> 금요일
B6: =시작주월요일 -> 45922 | C6: =WORKDAY(시작주월요일,COLUMN()-2) -> 45923 | D6: =WORKDAY(시작주월요일,COLUMN()-2) -> 45924 | E6: =WORKDAY(시작주월요일,COLUMN()-2) -> 45925 | F6: =WORKDAY(시작주월요일,COLUMN()-2) -> 45926 | G6: =WORKDAY(시작주월요일,COLUMN()-2) -> 45929 | H6: =WORKDAY(시작주월요일,COLUMN()-2) -> 45930 | I6: =WORKDAY(시작주월요일,COLUMN()-2) -> 45931 | J6: =WORKDAY(시작주월요일,COLUMN()-2) -> 45932 | ... EP6: =WORKDAY(시작주월요일,COLUMN()-2) -> 46122
A7: 1교시 09:00 ~ 09:50 | B7: =IF(OR(B4<0,B4=A4,ISERROR(INDEX(세부시간표!$A$3:$L$1183,9*B4-8,10))),"",INDEX(세부시간표!$A$3:$L$1183,9*B4-8,10)) -> 웹 애플리케이션 개발 | C7: =IF(OR(C4<0,C4=B4,ISERROR(INDEX(세부시간표!$A$3:$L$1183,9*C4-8,10))),"",INDEX(세부시간표!$A$3:$L$1183,9*C4-8,10)) -> 웹 애플리케이션 개발 | D7: =IF(OR(D4<0,D4=C4,ISERROR(INDEX(세부시간표!$A$3:$L$1183,9*D4-8,10))),"",INDEX(세부시간표!$A$3:$L$1183,9*D4-8,10)) -> 웹 애플리케이션 개발 | E7: =IF(OR(E4<0,E4=D4,ISERROR(INDEX(세부시간표!$A$3:$L$1183,9*E4-8,10))),"",INDEX(세부시간표!$A$3:$L$1183,9*E4-8,10)) -> 웹 애플리케이션 개발 | F7: =IF(OR(F4<0,F4=E4,ISERROR(INDEX(세부시간표!$A$3:$L$1183,9*F4-8,10))),"",INDEX(세부시간표!$A$3:$L$1183,9*F4-8,10)) -> 웹 애플리케이션 개발 | G7: =IF(OR(G4<0,G4=F4,ISERROR(INDEX(세부시간표!$A$3:$L$1183,9*G4-8,10))),"",INDEX(세부시간표!$A$3:$L$1183,9*G4-8,10)) -> 웹 애플리케이션 개발 | H7: =IF(OR(H4<0,H4=G4,ISERROR(INDEX(세부시간표!$A$3:$L$1183,9*H4-8,10))),"",INDEX(세부시간표!$A$3:$L$1183,9*H4-8,10)) -> 웹 애플리케이션 개발 | I7: =IF(OR(I4<0,I4=H4,ISERROR(INDEX(세부시간표!$A$3:$L$1183,9*I4-8,10))),"",INDEX(세부시간표!$A$3:$L$1183,9*I4-8,10)) -> 웹 애플리케이션 개발 | ... EP7: =IF(OR(EP4<0,EP4=EO4,ISERROR(INDEX(세부시간표!$A$3:$L$1183,9*EP4-8,10))),"",INDEX(세부시간표!$A$3:$L$1183,9*EP4-8,10))
B8: =B7 -> 웹 애플리케이션 개발 | C8: =C7 -> 웹 애플리케이션 개발 | D8: =D7 -> 웹 애플리케이션 개발 | E8: =E7 -> 웹 애플리케이션 개발 | F8: =F7 -> 웹 애플리케이션 개발 | G8: =G7 -> 웹 애플리케이션 개발 | H8: =H7 -> 웹 애플리케이션 개발 | I8: =I7 -> 웹 애플리케이션 개발 | ... EP8: =EP7
B9: =IF(OR(B4<0,B4=A4,ISERROR(INDEX(세부시간표!$A$3:$L$1183,9*B4-8,11))),"",LEFT(INDEX(세부시간표!$A$3:$L$1183,9*B4-8,11),4)) -> 1교육실 | C9: =IF(OR(C4<0,C4=B4,ISERROR(INDEX(세부시간표!$A$3:$L$1183,9*C4-8,11))),"",LEFT(INDEX(세부시간표!$A$3:$L$1183,9*C4-8,11),4)) -> 1교육실 | D9: =IF(OR(D4<0,D4=C4,ISERROR(INDEX(세부시간표!$A$3:$L$1183,9*D4-8,11))),"",LEFT(INDEX(세부시간표!$A$3:$L$1183,9*D4-8,11),4)) -> 1교육실 | E9: =IF(OR(E4<0,E4=D4,ISERROR(INDEX(세부시간표!$A$3:$L$1183,9*E4-8,11))),"",LEFT(INDEX(세부시간표!$A$3:$L$1183,9*E4-8,11),4)) -> 1교육실 | F9: =IF(OR(F4<0,F4=E4,ISERROR(INDEX(세부시간표!$A$3:$L$1183,9*F4-8,11))),"",LEFT(INDEX(세부시간표!$A$3:$L$1183,9*F4-8,11),4)) -> 1교육실 | G9: =IF(OR(G4<0,G4=F4,ISERROR(INDEX(세부시간표!$A$3:$L$1183,9*G4-8,11))),"",LEFT(INDEX(세부시간표!$A$3:$L$1183,9*G4-8,11),4)) -> 1교육실 | H9: =IF(OR(H4<0,H4=G4,ISERROR(INDEX(세부시간표!$A$3:$L$1183,9*H4-8,11))),"",LEFT(INDEX(세부시간표!$A$3:$L$1183,9*H4-8,11),4)) -> 1교육실 | I9: =IF(OR(I4<0,I4=H4,ISERROR(INDEX(세부시간표!$A$3:$L$1183,9*I4-8,11))),"",LEFT(INDEX(세부시간표!$A$3:$L$1183,9*I4-8,11),4)) -> 1교육실 | ... EK9: =IF(OR(EK4<0,EK4=EJ4,ISERROR(INDEX(세부시간표!$A$3:$L$1183,9*EK4-8,11))),"",LEFT(INDEX(세부시간표!$A$3:$L$1183,9*EK4-8,11),4)) | EL9: =IF(OR(EL4<0,EL4=EK4,ISERROR(INDEX(세부시간표!$A$3:$L$1183,9*EL4-8,11))),"",INDEX(세부시간표!$A$3:$L$1183,9*EL4-8,11)) | EM9: =IF(OR(EM4<0,EM4=EL4,ISERROR(INDEX(세부시간표!$A$3:$L$1183,9*EM4-8,11))),"",INDEX(세부시간표!$A$3:$L$1183,9*EM4-8,11)) | EN9: =IF(OR(EN4<0,EN4=EM4,ISERROR(INDEX(세부시간표!$A$3:$L$1183,9*EN4-8,11))),"",INDEX(세부시간표!$A$3:$L$1183,9*EN4-8,11)) | EO9: =IF(OR(EO4<0,EO4=EN4,ISERROR(INDEX(세부시간표!$A$3:$L$1183,9*EO4-8,11))),"",INDEX(세부시간표!$A$3:$L$1183,9*EO4-8,11)) | EP9: =IF(OR(EP4<0,EP4=EO4,ISERROR(INDEX(세부시간표!$A$3:$L$1183,9*EP4-8,11))),"",INDEX(세부시간표!$A$3:$L$1183,9*EP4-8,11))
B10: =IF(OR(B4<0,B4=A4,ISERROR(INDEX(세부시간표!$A$3:$L$1183,9*B4-8,12))),"",INDEX(세부시간표!$A$3:$L$1183,9*B4-8,12)) -> 양현수 | C10: =IF(OR(C4<0,C4=B4,ISERROR(INDEX(세부시간표!$A$3:$L$1183,9*C4-8,12))),"",INDEX(세부시간표!$A$3:$L$1183,9*C4-8,12)) -> 양현수 | D10: =IF(OR(D4<0,D4=C4,ISERROR(INDEX(세부시간표!$A$3:$L$1183,9*D4-8,12))),"",INDEX(세부시간표!$A$3:$L$1183,9*D4-8,12)) -> 양현수 | E10: =IF(OR(E4<0,E4=D4,ISERROR(INDEX(세부시간표!$A$3:$L$1183,9*E4-8,12))),"",INDEX(세부시간표!$A$3:$L$1183,9*E4-8,12)) -> 양현수 | F10: =IF(OR(F4<0,F4=E4,ISERROR(INDEX(세부시간표!$A$3:$L$1183,9*F4-8,12))),"",INDEX(세부시간표!$A$3:$L$1183,9*F4-8,12)) -> 양현수 | G10: =IF(OR(G4<0,G4=F4,ISERROR(INDEX(세부시간표!$A$3:$L$1183,9*G4-8,12))),"",INDEX(세부시간표!$A$3:$L$1183,9*G4-8,12)) -> 양현수 | H10: =IF(OR(H4<0,H4=G4,ISERROR(INDEX(세부시간표!$A$3:$L$1183,9*H4-8,12))),"",INDEX(세부시간표!$A$3:$L$1183,9*H4-8,12)) -> 양현수 | I10: =IF(OR(I4<0,I4=H4,ISERROR(INDEX(세부시간표!$A$3:$L$1183,9*I4-8,12))),"",INDEX(세부시간표!$A$3:$L$1183,9*I4-8,12)) -> 양현수 | ... EP10: =IF(OR(EP4<0,EP4=EO4,ISERROR(INDEX(세부시간표!$A$3:$L$1183,9*EP4-8,12))),"",INDEX(세부시간표!$A$3:$L$1183,9*EP4-8,12))
A11: 2교시 10:00 ~ 10:50 | B11: =IF(OR(B4<0,B4=A4,ISERROR(INDEX(세부시간표!$A$3:LI$1183,9*B4-7,10))),"",INDEX(세부시간표!$A$3:LI$1183,9*B4-7,10)) -> 웹 애플리케이션 개발 | C11: =IF(OR(C4<0,C4=B4,ISERROR(INDEX(세부시간표!$A$3:LJ$1183,9*C4-7,10))),"",INDEX(세부시간표!$A$3:LJ$1183,9*C4-7,10)) -> 웹 애플리케이션 개발 | D11: =IF(OR(D4<0,D4=C4,ISERROR(INDEX(세부시간표!$A$3:LK$1183,9*D4-7,10))),"",INDEX(세부시간표!$A$3:LK$1183,9*D4-7,10)) -> 웹 애플리케이션 개발 | E11: =IF(OR(E4<0,E4=D4,ISERROR(INDEX(세부시간표!$A$3:LL$1183,9*E4-7,10))),"",INDEX(세부시간표!$A$3:LL$1183,9*E4-7,10)) -> 웹 애플리케이션 개발 | F11: =IF(OR(F4<0,F4=E4,ISERROR(INDEX(세부시간표!$A$3:LM$1183,9*F4-7,10))),"",INDEX(세부시간표!$A$3:LM$1183,9*F4-7,10)) -> 웹 애플리케이션 개발 | G11: =IF(OR(G4<0,G4=F4,ISERROR(INDEX(세부시간표!$A$3:LN$1183,9*G4-7,10))),"",INDEX(세부시간표!$A$3:LN$1183,9*G4-7,10)) -> 웹 애플리케이션 개발 | H11: =IF(OR(H4<0,H4=G4,ISERROR(INDEX(세부시간표!$A$3:LO$1183,9*H4-7,10))),"",INDEX(세부시간표!$A$3:LO$1183,9*H4-7,10)) -> 웹 애플리케이션 개발 | I11: =IF(OR(I4<0,I4=H4,ISERROR(INDEX(세부시간표!$A$3:LP$1183,9*I4-7,10))),"",INDEX(세부시간표!$A$3:LP$1183,9*I4-7,10)) -> 웹 애플리케이션 개발 | ... EP11: =IF(OR(EP4<0,EP4=EO4,ISERROR(INDEX(세부시간표!$A$3:QW$1183,9*EP4-7,10))),"",INDEX(세부시간표!$A$3:QW$1183,9*EP4-7,10))
B12: =B11 -> 웹 애플리케이션 개발 | C12: =C11 -> 웹 애플리케이션 개발 | D12: =D11 -> 웹 애플리케이션 개발 | E12: =E11 -> 웹 애플리케이션 개발 | F12: =F11 -> 웹 애플리케이션 개발 | G12: =G11 -> 웹 애플리케이션 개발 | H12: =H11 -> 웹 애플리케이션 개발 | I12: =I11 -> 웹 애플리케이션 개발 | ... EP12: =EP11
B13: =IF(OR(B4<0,B4=A4,ISERROR(INDEX(세부시간표!$A$3:$L$1183,9*B4-7,11))),"",LEFT(INDEX(세부시간표!$A$3:$L$1183,9*B4-7,11),4)) -> 1교육실 | C13: =IF(OR(C4<0,C4=B4,ISERROR(INDEX(세부시간표!$A$3:$L$1183,9*C4-7,11))),"",LEFT(INDEX(세부시간표!$A$3:$L$1183,9*C4-7,11),4)) -> 1교육실 | D13: =IF(OR(D4<0,D4=C4,ISERROR(INDEX(세부시간표!$A$3:$L$1183,9*D4-7,11))),"",LEFT(INDEX(세부시간표!$A$3:$L$1183,9*D4-7,11),4)) -> 1교육실 | E13: =IF(OR(E4<0,E4=D4,ISERROR(INDEX(세부시간표!$A$3:$L$1183,9*E4-7,11))),"",LEFT(INDEX(세부시간표!$A$3:$L$1183,9*E4-7,11),4)) -> 1교육실 | F13: =IF(OR(F4<0,F4=E4,ISERROR(INDEX(세부시간표!$A$3:$L$1183,9*F4-7,11))),"",LEFT(INDEX(세부시간표!$A$3:$L$1183,9*F4-7,11),4)) -> 1교육실 | G13: =IF(OR(G4<0,G4=F4,ISERROR(INDEX(세부시간표!$A$3:$L$1183,9*G4-7,11))),"",LEFT(INDEX(세부시간표!$A$3:$L$1183,9*G4-7,11),4)) -> 1교육실 | H13: =IF(OR(H4<0,H4=G4,ISERROR(INDEX(세부시간표!$A$3:$L$1183,9*H4-7,11))),"",LEFT(INDEX(세부시간표!$A$3:$L$1183,9*H4-7,11),4)) -> 1교육실 | I13: =IF(OR(I4<0,I4=H4,ISERROR(INDEX(세부시간표!$A$3:$L$1183,9*I4-7,11))),"",LEFT(INDEX(세부시간표!$A$3:$L$1183,9*I4-7,11),4)) -> 1교육실 | ... EK13: =IF(OR(EK4<0,EK4=EJ4,ISERROR(INDEX(세부시간표!$A$3:$L$1183,9*EK4-7,11))),"",LEFT(INDEX(세부시간표!$A$3:$L$1183,9*EK4-7,11),4)) | EL13: =IF(OR(EL4<0,EL4=EK4,ISERROR(INDEX(세부시간표!$A$3:$L$1183,9*EL4-7,11))),"",INDEX(세부시간표!$A$3:$L$1183,9*EL4-7,11)) | EM13: =IF(OR(EM4<0,EM4=EL4,ISERROR(INDEX(세부시간표!$A$3:$L$1183,9*EM4-7,11))),"",INDEX(세부시간표!$A$3:$L$1183,9*EM4-7,11)) | EN13: =IF(OR(EN4<0,EN4=EM4,ISERROR(INDEX(세부시간표!$A$3:$L$1183,9*EN4-7,11))),"",INDEX(세부시간표!$A$3:$L$1183,9*EN4-7,11)) | EO13: =IF(OR(EO4<0,EO4=EN4,ISERROR(INDEX(세부시간표!$A$3:$L$1183,9*EO4-7,11))),"",INDEX(세부시간표!$A$3:$L$1183,9*EO4-7,11)) | EP13: =IF(OR(EP4<0,EP4=EO4,ISERROR(INDEX(세부시간표!$A$3:$L$1183,9*EP4-7,11))),"",INDEX(세부시간표!$A$3:$L$1183,9*EP4-7,11))
B14: =IF(OR(B4<0,B4=A4,ISERROR(INDEX(세부시간표!$A$3:$L$1183,9*B4-7,12))),"",INDEX(세부시간표!$A$3:$L$1183,9*B4-7,12)) -> 양현수 | C14: =IF(OR(C4<0,C4=B4,ISERROR(INDEX(세부시간표!$A$3:$L$1183,9*C4-7,12))),"",INDEX(세부시간표!$A$3:$L$1183,9*C4-7,12)) -> 양현수 | D14: =IF(OR(D4<0,D4=C4,ISERROR(INDEX(세부시간표!$A$3:$L$1183,9*D4-7,12))),"",INDEX(세부시간표!$A$3:$L$1183,9*D4-7,12)) -> 양현수 | E14: =IF(OR(E4<0,E4=D4,ISERROR(INDEX(세부시간표!$A$3:$L$1183,9*E4-7,12))),"",INDEX(세부시간표!$A$3:$L$1183,9*E4-7,12)) -> 양현수 | F14: =IF(OR(F4<0,F4=E4,ISERROR(INDEX(세부시간표!$A$3:$L$1183,9*F4-7,12))),"",INDEX(세부시간표!$A$3:$L$1183,9*F4-7,12)) -> 양현수 | G14: =IF(OR(G4<0,G4=F4,ISERROR(INDEX(세부시간표!$A$3:$L$1183,9*G4-7,12))),"",INDEX(세부시간표!$A$3:$L$1183,9*G4-7,12)) -> 양현수 | H14: =IF(OR(H4<0,H4=G4,ISERROR(INDEX(세부시간표!$A$3:$L$1183,9*H4-7,12))),"",INDEX(세부시간표!$A$3:$L$1183,9*H4-7,12)) -> 양현수 | I14: =IF(OR(I4<0,I4=H4,ISERROR(INDEX(세부시간표!$A$3:$L$1183,9*I4-7,12))),"",INDEX(세부시간표!$A$3:$L$1183,9*I4-7,12)) -> 양현수 | ... EP14: =IF(OR(EP4<0,EP4=EO4,ISERROR(INDEX(세부시간표!$A$3:$L$1183,9*EP4-7,12))),"",INDEX(세부시간표!$A$3:$L$1183,9*EP4-7,12))
A15: 3교시 11:00 ~ 11:50 | B15: =IF(OR(B4<0,B4=A4,ISERROR(INDEX(세부시간표!$A$3:$L$1183,9*B4-6,10))),"",INDEX(세부시간표!$A$3:$L$1183,9*B4-6,10)) -> 웹 애플리케이션 개발 | C15: =IF(OR(C4<0,C4=B4,ISERROR(INDEX(세부시간표!$A$3:$L$1183,9*C4-6,10))),"",INDEX(세부시간표!$A$3:$L$1183,9*C4-6,10)) -> 웹 애플리케이션 개발 | D15: =IF(OR(D4<0,D4=C4,ISERROR(INDEX(세부시간표!$A$3:$L$1183,9*D4-6,10))),"",INDEX(세부시간표!$A$3:$L$1183,9*D4-6,10)) -> 웹 애플리케이션 개발 | E15: =IF(OR(E4<0,E4=D4,ISERROR(INDEX(세부시간표!$A$3:$L$1183,9*E4-6,10))),"",INDEX(세부시간표!$A$3:$L$1183,9*E4-6,10)) -> 웹 애플리케이션 개발 | F15: =IF(OR(F4<0,F4=E4,ISERROR(INDEX(세부시간표!$A$3:$L$1183,9*F4-6,10))),"",INDEX(세부시간표!$A$3:$L$1183,9*F4-6,10)) -> 웹 애플리케이션 개발 | G15: =IF(OR(G4<0,G4=F4,ISERROR(INDEX(세부시간표!$A$3:$L$1183,9*G4-6,10))),"",INDEX(세부시간표!$A$3:$L$1183,9*G4-6,10)) -> 웹 애플리케이션 개발 | H15: =IF(OR(H4<0,H4=G4,ISERROR(INDEX(세부시간표!$A$3:$L$1183,9*H4-6,10))),"",INDEX(세부시간표!$A$3:$L$1183,9*H4-6,10)) -> 웹 애플리케이션 개발 | I15: =IF(OR(I4<0,I4=H4,ISERROR(INDEX(세부시간표!$A$3:$L$1183,9*I4-6,10))),"",INDEX(세부시간표!$A$3:$L$1183,9*I4-6,10)) -> 웹 애플리케이션 개발 | ... EP15: =IF(OR(EP4<0,EP4=EO4,ISERROR(INDEX(세부시간표!$A$3:$L$1183,9*EP4-6,10))),"",INDEX(세부시간표!$A$3:$L$1183,9*EP4-6,10))
B16: =B15 -> 웹 애플리케이션 개발 | C16: =C15 -> 웹 애플리케이션 개발 | D16: =D15 -> 웹 애플리케이션 개발 | E16: =E15 -> 웹 애플리케이션 개발 | F16: =F15 -> 웹 애플리케이션 개발 | G16: =G15 -> 웹 애플리케이션 개발 | H16: =H15 -> 웹 애플리케이션 개발 | I16: =I15 -> 웹 애플리케이션 개발 | ... EP16: =EP15
B17: =IF(OR(B4<0,B4=A4,ISERROR(INDEX(세부시간표!$A$3:$L$1183,9*B4-6,11))),"",LEFT(INDEX(세부시간표!$A$3:$L$1183,9*B4-6,11),4)) -> 1교육실 | C17: =IF(OR(C4<0,C4=B4,ISERROR(INDEX(세부시간표!$A$3:$L$1183,9*C4-6,11))),"",LEFT(INDEX(세부시간표!$A$3:$L$1183,9*C4-6,11),4)) -> 1교육실 | D17: =IF(OR(D4<0,D4=C4,ISERROR(INDEX(세부시간표!$A$3:$L$1183,9*D4-6,11))),"",LEFT(INDEX(세부시간표!$A$3:$L$1183,9*D4-6,11),4)) -> 1교육실 | E17: =IF(OR(E4<0,E4=D4,ISERROR(INDEX(세부시간표!$A$3:$L$1183,9*E4-6,11))),"",LEFT(INDEX(세부시간표!$A$3:$L$1183,9*E4-6,11),4)) -> 1교육실 | F17: =IF(OR(F4<0,F4=E4,ISERROR(INDEX(세부시간표!$A$3:$L$1183,9*F4-6,11))),"",LEFT(INDEX(세부시간표!$A$3:$L$1183,9*F4-6,11),4)) -> 1교육실 | G17: =IF(OR(G4<0,G4=F4,ISERROR(INDEX(세부시간표!$A$3:$L$1183,9*G4-6,11))),"",LEFT(INDEX(세부시간표!$A$3:$L$1183,9*G4-6,11),4)) -> 1교육실 | H17: =IF(OR(H4<0,H4=G4,ISERROR(INDEX(세부시간표!$A$3:$L$1183,9*H4-6,11))),"",LEFT(INDEX(세부시간표!$A$3:$L$1183,9*H4-6,11),4)) -> 1교육실 | I17: =IF(OR(I4<0,I4=H4,ISERROR(INDEX(세부시간표!$A$3:$L$1183,9*I4-6,11))),"",LEFT(INDEX(세부시간표!$A$3:$L$1183,9*I4-6,11),4)) -> 1교육실 | ... EK17: =IF(OR(EK4<0,EK4=EJ4,ISERROR(INDEX(세부시간표!$A$3:$L$1183,9*EK4-6,11))),"",LEFT(INDEX(세부시간표!$A$3:$L$1183,9*EK4-6,11),4)) | EL17: =IF(OR(EL4<0,EL4=EK4,ISERROR(INDEX(세부시간표!$A$3:$L$1183,9*EL4-6,11))),"",INDEX(세부시간표!$A$3:$L$1183,9*EL4-6,11)) | EM17: =IF(OR(EM4<0,EM4=EL4,ISERROR(INDEX(세부시간표!$A$3:$L$1183,9*EM4-6,11))),"",INDEX(세부시간표!$A$3:$L$1183,9*EM4-6,11)) | EN17: =IF(OR(EN4<0,EN4=EM4,ISERROR(INDEX(세부시간표!$A$3:$L$1183,9*EN4-6,11))),"",INDEX(세부시간표!$A$3:$L$1183,9*EN4-6,11)) | EO17: =IF(OR(EO4<0,EO4=EN4,ISERROR(INDEX(세부시간표!$A$3:$L$1183,9*EO4-6,11))),"",INDEX(세부시간표!$A$3:$L$1183,9*EO4-6,11)) | EP17: =IF(OR(EP4<0,EP4=EO4,ISERROR(INDEX(세부시간표!$A$3:$L$1183,9*EP4-6,11))),"",INDEX(세부시간표!$A$3:$L$1183,9*EP4-6,11))
B18: =IF(OR(B4<0,B4=A4,ISERROR(INDEX(세부시간표!$A$3:$L$1183,9*B4-6,12))),"",INDEX(세부시간표!$A$3:$L$1183,9*B4-6,12)) -> 양현수 | C18: =IF(OR(C4<0,C4=B4,ISERROR(INDEX(세부시간표!$A$3:$L$1183,9*C4-6,12))),"",INDEX(세부시간표!$A$3:$L$1183,9*C4-6,12)) -> 양현수 | D18: =IF(OR(D4<0,D4=C4,ISERROR(INDEX(세부시간표!$A$3:$L$1183,9*D4-6,12))),"",INDEX(세부시간표!$A$3:$L$1183,9*D4-6,12)) -> 양현수 | E18: =IF(OR(E4<0,E4=D4,ISERROR(INDEX(세부시간표!$A$3:$L$1183,9*E4-6,12))),"",INDEX(세부시간표!$A$3:$L$1183,9*E4-6,12)) -> 양현수 | F18: =IF(OR(F4<0,F4=E4,ISERROR(INDEX(세부시간표!$A$3:$L$1183,9*F4-6,12))),"",INDEX(세부시간표!$A$3:$L$1183,9*F4-6,12)) -> 양현수 | G18: =IF(OR(G4<0,G4=F4,ISERROR(INDEX(세부시간표!$A$3:$L$1183,9*G4-6,12))),"",INDEX(세부시간표!$A$3:$L$1183,9*G4-6,12)) -> 양현수 | H18: =IF(OR(H4<0,H4=G4,ISERROR(INDEX(세부시간표!$A$3:$L$1183,9*H4-6,12))),"",INDEX(세부시간표!$A$3:$L$1183,9*H4-6,12)) -> 양현수 | I18: =IF(OR(I4<0,I4=H4,ISERROR(INDEX(세부시간표!$A$3:$L$1183,9*I4-6,12))),"",INDEX(세부시간표!$A$3:$L$1183,9*I4-6,12)) -> 양현수 | ... EP18: =IF(OR(EP4<0,EP4=EO4,ISERROR(INDEX(세부시간표!$A$3:$L$1183,9*EP4-6,12))),"",INDEX(세부시간표!$A$3:$L$1183,9*EP4-6,12))
A19: 4교시 12:00 ~ 12:50 | B19: =IF(OR(B4<0,B4=A4,ISERROR(INDEX(세부시간표!$A$3:$L$1183,9*B4-5,10))),"",INDEX(세부시간표!$A$3:$L$1183,9*B4-5,10)) -> 웹 애플리케이션 개발 | C19: =IF(OR(C4<0,C4=B4,ISERROR(INDEX(세부시간표!$A$3:$L$1183,9*C4-5,10))),"",INDEX(세부시간표!$A$3:$L$1183,9*C4-5,10)) -> 웹 애플리케이션 개발 | D19: =IF(OR(D4<0,D4=C4,ISERROR(INDEX(세부시간표!$A$3:$L$1183,9*D4-5,10))),"",INDEX(세부시간표!$A$3:$L$1183,9*D4-5,10)) -> 웹 애플리케이션 개발 | E19: =IF(OR(E4<0,E4=D4,ISERROR(INDEX(세부시간표!$A$3:$L$1183,9*E4-5,10))),"",INDEX(세부시간표!$A$3:$L$1183,9*E4-5,10)) -> 웹 애플리케이션 개발 | F19: =IF(OR(F4<0,F4=E4,ISERROR(INDEX(세부시간표!$A$3:$L$1183,9*F4-5,10))),"",INDEX(세부시간표!$A$3:$L$1183,9*F4-5,10)) -> 웹 애플리케이션 개발 | G19: =IF(OR(G4<0,G4=F4,ISERROR(INDEX(세부시간표!$A$3:$L$1183,9*G4-5,10))),"",INDEX(세부시간표!$A$3:$L$1183,9*G4-5,10)) -> 웹 애플리케이션 개발 | H19: =IF(OR(H4<0,H4=G4,ISERROR(INDEX(세부시간표!$A$3:$L$1183,9*H4-5,10))),"",INDEX(세부시간표!$A$3:$L$1183,9*H4-5,10)) -> 웹 애플리케이션 개발 | I19: =IF(OR(I4<0,I4=H4,ISERROR(INDEX(세부시간표!$A$3:$L$1183,9*I4-5,10))),"",INDEX(세부시간표!$A$3:$L$1183,9*I4-5,10)) -> 웹 애플리케이션 개발 | ... EP19: =IF(OR(EP4<0,EP4=EO4,ISERROR(INDEX(세부시간표!$A$3:$L$1183,9*EP4-5,10))),"",INDEX(세부시간표!$A$3:$L$1183,9*EP4-5,10))
B20: =B19 -> 웹 애플리케이션 개발 | C20: =C19 -> 웹 애플리케이션 개발 | D20: =D19 -> 웹 애플리케이션 개발 | E20: =E19 -> 웹 애플리케이션 개발 | F20: =F19 -> 웹 애플리케이션 개발 | G20: =G19 -> 웹 애플리케이션 개발 | H20: =H19 -> 웹 애플리케이션 개발 | I20: =I19 -> 웹 애플리케이션 개발 | ... EP20: =EP19
B21: =IF(OR(B4<0,B4=A4,ISERROR(INDEX(세부시간표!$A$3:$L$1183,9*B4-5,11))),"",LEFT(INDEX(세부시간표!$A$3:$L$1183,9*B4-5,11),4)) -> 1교육실 | C21: =IF(OR(C4<0,C4=B4,ISERROR(INDEX(세부시간표!$A$3:$L$1183,9*C4-5,11))),"",LEFT(INDEX(세부시간표!$A$3:$L$1183,9*C4-5,11),4)) -> 1교육실 | D21: =IF(OR(D4<0,D4=C4,ISERROR(INDEX(세부시간표!$A$3:$L$1183,9*D4-5,11))),"",LEFT(INDEX(세부시간표!$A$3:$L$1183,9*D4-5,11),4)) -> 1교육실 | E21: =IF(OR(E4<0,E4=D4,ISERROR(INDEX(세부시간표!$A$3:$L$1183,9*E4-5,11))),"",LEFT(INDEX(세부시간표!$A$3:$L$1183,9*E4-5,11),4)) -> 1교육실 | F21: =IF(OR(F4<0,F4=E4,ISERROR(INDEX(세부시간표!$A$3:$L$1183,9*F4-5,11))),"",LEFT(INDEX(세부시간표!$A$3:$L$1183,9*F4-5,11),4)) -> 1교육실 | G21: =IF(OR(G4<0,G4=F4,ISERROR(INDEX(세부시간표!$A$3:$L$1183,9*G4-5,11))),"",LEFT(INDEX(세부시간표!$A$3:$L$1183,9*G4-5,11),4)) -> 1교육실 | H21: =IF(OR(H4<0,H4=G4,ISERROR(INDEX(세부시간표!$A$3:$L$1183,9*H4-5,11))),"",LEFT(INDEX(세부시간표!$A$3:$L$1183,9*H4-5,11),4)) -> 1교육실 | I21: =IF(OR(I4<0,I4=H4,ISERROR(INDEX(세부시간표!$A$3:$L$1183,9*I4-5,11))),"",LEFT(INDEX(세부시간표!$A$3:$L$1183,9*I4-5,11),4)) -> 1교육실 | ... EK21: =IF(OR(EK4<0,EK4=EJ4,ISERROR(INDEX(세부시간표!$A$3:$L$1183,9*EK4-5,11))),"",LEFT(INDEX(세부시간표!$A$3:$L$1183,9*EK4-5,11),4)) | EL21: =IF(OR(EL4<0,EL4=EK4,ISERROR(INDEX(세부시간표!$A$3:$L$1183,9*EL4-5,11))),"",INDEX(세부시간표!$A$3:$L$1183,9*EL4-5,11)) | EM21: =IF(OR(EM4<0,EM4=EL4,ISERROR(INDEX(세부시간표!$A$3:$L$1183,9*EM4-5,11))),"",INDEX(세부시간표!$A$3:$L$1183,9*EM4-5,11)) | EN21: =IF(OR(EN4<0,EN4=EM4,ISERROR(INDEX(세부시간표!$A$3:$L$1183,9*EN4-5,11))),"",INDEX(세부시간표!$A$3:$L$1183,9*EN4-5,11)) | EO21: =IF(OR(EO4<0,EO4=EN4,ISERROR(INDEX(세부시간표!$A$3:$L$1183,9*EO4-5,11))),"",INDEX(세부시간표!$A$3:$L$1183,9*EO4-5,11)) | EP21: =IF(OR(EP4<0,EP4=EO4,ISERROR(INDEX(세부시간표!$A$3:$L$1183,9*EP4-5,11))),"",INDEX(세부시간표!$A$3:$L$1183,9*EP4-5,11))
B22: =IF(OR(B4<0,B4=A4,ISERROR(INDEX(세부시간표!$A$3:$L$1183,9*B4-5,12))),"",INDEX(세부시간표!$A$3:$L$1183,9*B4-5,12)) -> 양현수 | C22: =IF(OR(C4<0,C4=B4,ISERROR(INDEX(세부시간표!$A$3:$L$1183,9*C4-5,12))),"",INDEX(세부시간표!$A$3:$L$1183,9*C4-5,12)) -> 양현수 | D22: =IF(OR(D4<0,D4=C4,ISERROR(INDEX(세부시간표!$A$3:$L$1183,9*D4-5,12))),"",INDEX(세부시간표!$A$3:$L$1183,9*D4-5,12)) -> 양현수 | E22: =IF(OR(E4<0,E4=D4,ISERROR(INDEX(세부시간표!$A$3:$L$1183,9*E4-5,12))),"",INDEX(세부시간표!$A$3:$L$1183,9*E4-5,12)) -> 양현수 | F22: =IF(OR(F4<0,F4=E4,ISERROR(INDEX(세부시간표!$A$3:$L$1183,9*F4-5,12))),"",INDEX(세부시간표!$A$3:$L$1183,9*F4-5,12)) -> 양현수 | G22: =IF(OR(G4<0,G4=F4,ISERROR(INDEX(세부시간표!$A$3:$L$1183,9*G4-5,12))),"",INDEX(세부시간표!$A$3:$L$1183,9*G4-5,12)) -> 양현수 | H22: =IF(OR(H4<0,H4=G4,ISERROR(INDEX(세부시간표!$A$3:$L$1183,9*H4-5,12))),"",INDEX(세부시간표!$A$3:$L$1183,9*H4-5,12)) -> 양현수 | I22: =IF(OR(I4<0,I4=H4,ISERROR(INDEX(세부시간표!$A$3:$L$1183,9*I4-5,12))),"",INDEX(세부시간표!$A$3:$L$1183,9*I4-5,12)) -> 양현수 | ... EP22: =IF(OR(EP4<0,EP4=EO4,ISERROR(INDEX(세부시간표!$A$3:$L$1183,9*EP4-5,12))),"",INDEX(세부시간표!$A$3:$L$1183,9*EP4-5,12))
A23: 5교시 13:40 ~ 14:30 | B23: =IF(OR(B4<0,B4=A4,ISERROR(INDEX(세부시간표!$A$3:$L$1183,9*B4-3,10))),"",INDEX(세부시간표!$A$3:$L$1183,9*B4-3,10)) -> 웹 애플리케이션 개발 | C23: =IF(OR(C4<0,C4=B4,ISERROR(INDEX(세부시간표!$A$3:$L$1183,9*C4-3,10))),"",INDEX(세부시간표!$A$3:$L$1183,9*C4-3,10)) -> 웹 애플리케이션 개발 | D23: =IF(OR(D4<0,D4=C4,ISERROR(INDEX(세부시간표!$A$3:$L$1183,9*D4-3,10))),"",INDEX(세부시간표!$A$3:$L$1183,9*D4-3,10)) -> 웹 애플리케이션 개발 | E23: =IF(OR(E4<0,E4=D4,ISERROR(INDEX(세부시간표!$A$3:$L$1183,9*E4-3,10))),"",INDEX(세부시간표!$A$3:$L$1183,9*E4-3,10)) -> 웹 애플리케이션 개발 | F23: =IF(OR(F4<0,F4=E4,ISERROR(INDEX(세부시간표!$A$3:$L$1183,9*F4-3,10))),"",INDEX(세부시간표!$A$3:$L$1183,9*F4-3,10)) -> 웹 애플리케이션 개발 | G23: =IF(OR(G4<0,G4=F4,ISERROR(INDEX(세부시간표!$A$3:$L$1183,9*G4-3,10))),"",INDEX(세부시간표!$A$3:$L$1183,9*G4-3,10)) -> 웹 애플리케이션 개발 | H23: =IF(OR(H4<0,H4=G4,ISERROR(INDEX(세부시간표!$A$3:$L$1183,9*H4-3,10))),"",INDEX(세부시간표!$A$3:$L$1183,9*H4-3,10)) -> 웹 애플리케이션 개발 | I23: =IF(OR(I4<0,I4=H4,ISERROR(INDEX(세부시간표!$A$3:$L$1183,9*I4-3,10))),"",INDEX(세부시간표!$A$3:$L$1183,9*I4-3,10)) -> 웹 애플리케이션 개발 | ... EP23: =IF(OR(EP4<0,EP4=EO4,ISERROR(INDEX(세부시간표!$A$3:$L$1183,9*EP4-3,10))),"",INDEX(세부시간표!$A$3:$L$1183,9*EP4-3,10))
B24: =B23 -> 웹 애플리케이션 개발 | C24: =C23 -> 웹 애플리케이션 개발 | D24: =D23 -> 웹 애플리케이션 개발 | E24: =E23 -> 웹 애플리케이션 개발 | F24: =F23 -> 웹 애플리케이션 개발 | G24: =G23 -> 웹 애플리케이션 개발 | H24: =H23 -> 웹 애플리케이션 개발 | I24: =I23 -> 웹 애플리케이션 개발 | ... EP24: =EP23
B25: =IF(OR(B4<0,B4=A4,ISERROR(INDEX(세부시간표!$A$3:$L$1183,9*B4-3,11))),"",LEFT(INDEX(세부시간표!$A$3:$L$1183,9*B4-3,11),4)) -> 1교육실 | C25: =IF(OR(C4<0,C4=B4,ISERROR(INDEX(세부시간표!$A$3:$L$1183,9*C4-3,11))),"",LEFT(INDEX(세부시간표!$A$3:$L$1183,9*C4-3,11),4)) -> 1교육실 | D25: =IF(OR(D4<0,D4=C4,ISERROR(INDEX(세부시간표!$A$3:$L$1183,9*D4-3,11))),"",LEFT(INDEX(세부시간표!$A$3:$L$1183,9*D4-3,11),4)) -> 1교육실 | E25: =IF(OR(E4<0,E4=D4,ISERROR(INDEX(세부시간표!$A$3:$L$1183,9*E4-3,11))),"",LEFT(INDEX(세부시간표!$A$3:$L$1183,9*E4-3,11),4)) -> 1교육실 | F25: =IF(OR(F4<0,F4=E4,ISERROR(INDEX(세부시간표!$A$3:$L$1183,9*F4-3,11))),"",LEFT(INDEX(세부시간표!$A$3:$L$1183,9*F4-3,11),4)) -> 1교육실 | G25: =IF(OR(G4<0,G4=F4,ISERROR(INDEX(세부시간표!$A$3:$L$1183,9*G4-3,11))),"",LEFT(INDEX(세부시간표!$A$3:$L$1183,9*G4-3,11),4)) -> 1교육실 | H25: =IF(OR(H4<0,H4=G4,ISERROR(INDEX(세부시간표!$A$3:$L$1183,9*H4-3,11))),"",LEFT(INDEX(세부시간표!$A$3:$L$1183,9*H4-3,11),4)) -> 1교육실 | I25: =IF(OR(I4<0,I4=H4,ISERROR(INDEX(세부시간표!$A$3:$L$1183,9*I4-3,11))),"",LEFT(INDEX(세부시간표!$A$3:$L$1183,9*I4-3,11),4)) -> 1교육실 | ... EK25: =IF(OR(EK4<0,EK4=EJ4,ISERROR(INDEX(세부시간표!$A$3:$L$1183,9*EK4-3,11))),"",LEFT(INDEX(세부시간표!$A$3:$L$1183,9*EK4-3,11),4)) | EL25: =IF(OR(EL4<0,EL4=EK4,ISERROR(INDEX(세부시간표!$A$3:$L$1183,9*EL4-3,11))),"",INDEX(세부시간표!$A$3:$L$1183,9*EL4-3,11)) | EM25: =IF(OR(EM4<0,EM4=EL4,ISERROR(INDEX(세부시간표!$A$3:$L$1183,9*EM4-3,11))),"",INDEX(세부시간표!$A$3:$L$1183,9*EM4-3,11)) | EN25: =IF(OR(EN4<0,EN4=EM4,ISERROR(INDEX(세부시간표!$A$3:$L$1183,9*EN4-3,11))),"",INDEX(세부시간표!$A$3:$L$1183,9*EN4-3,11)) | EO25: =IF(OR(EO4<0,EO4=EN4,ISERROR(INDEX(세부시간표!$A$3:$L$1183,9*EO4-3,11))),"",INDEX(세부시간표!$A$3:$L$1183,9*EO4-3,11)) | EP25: =IF(OR(EP4<0,EP4=EO4,ISERROR(INDEX(세부시간표!$A$3:$L$1183,9*EP4-3,11))),"",INDEX(세부시간표!$A$3:$L$1183,9*EP4-3,11))
B26: =IF(OR(B4<0,B4=A4,ISERROR(INDEX(세부시간표!$A$3:$L$1183,9*B4-3,12))),"",INDEX(세부시간표!$A$3:$L$1183,9*B4-3,12)) -> 양현수 | C26: =IF(OR(C4<0,C4=B4,ISERROR(INDEX(세부시간표!$A$3:$L$1183,9*C4-3,12))),"",INDEX(세부시간표!$A$3:$L$1183,9*C4-3,12)) -> 양현수 | D26: =IF(OR(D4<0,D4=C4,ISERROR(INDEX(세부시간표!$A$3:$L$1183,9*D4-3,12))),"",INDEX(세부시간표!$A$3:$L$1183,9*D4-3,12)) -> 양현수 | E26: =IF(OR(E4<0,E4=D4,ISERROR(INDEX(세부시간표!$A$3:$L$1183,9*E4-3,12))),"",INDEX(세부시간표!$A$3:$L$1183,9*E4-3,12)) -> 양현수 | F26: =IF(OR(F4<0,F4=E4,ISERROR(INDEX(세부시간표!$A$3:$L$1183,9*F4-3,12))),"",INDEX(세부시간표!$A$3:$L$1183,9*F4-3,12)) -> 양현수 | G26: =IF(OR(G4<0,G4=F4,ISERROR(INDEX(세부시간표!$A$3:$L$1183,9*G4-3,12))),"",INDEX(세부시간표!$A$3:$L$1183,9*G4-3,12)) -> 양현수 | H26: =IF(OR(H4<0,H4=G4,ISERROR(INDEX(세부시간표!$A$3:$L$1183,9*H4-3,12))),"",INDEX(세부시간표!$A$3:$L$1183,9*H4-3,12)) -> 양현수 | I26: =IF(OR(I4<0,I4=H4,ISERROR(INDEX(세부시간표!$A$3:$L$1183,9*I4-3,12))),"",INDEX(세부시간표!$A$3:$L$1183,9*I4-3,12)) -> 양현수 | ... EP26: =IF(OR(EP4<0,EP4=EO4,ISERROR(INDEX(세부시간표!$A$3:$L$1183,9*EP4-3,12))),"",INDEX(세부시간표!$A$3:$L$1183,9*EP4-3,12))
A27: 6교시 14:40 ~ 15:30 | B27: =IF(OR(B4<0,B4=A4,ISERROR(INDEX(세부시간표!$A$3:$L$1183,9*B4-2,10))),"",INDEX(세부시간표!$A$3:$L$1183,9*B4-2,10)) -> 웹 애플리케이션 개발 | C27: =IF(OR(C4<0,C4=B4,ISERROR(INDEX(세부시간표!$A$3:$L$1183,9*C4-2,10))),"",INDEX(세부시간표!$A$3:$L$1183,9*C4-2,10)) -> 웹 애플리케이션 개발 | D27: =IF(OR(D4<0,D4=C4,ISERROR(INDEX(세부시간표!$A$3:$L$1183,9*D4-2,10))),"",INDEX(세부시간표!$A$3:$L$1183,9*D4-2,10)) -> 웹 애플리케이션 개발 | E27: =IF(OR(E4<0,E4=D4,ISERROR(INDEX(세부시간표!$A$3:$L$1183,9*E4-2,10))),"",INDEX(세부시간표!$A$3:$L$1183,9*E4-2,10)) -> 웹 애플리케이션 개발 | F27: =IF(OR(F4<0,F4=E4,ISERROR(INDEX(세부시간표!$A$3:$L$1183,9*F4-2,10))),"",INDEX(세부시간표!$A$3:$L$1183,9*F4-2,10)) -> 웹 애플리케이션 개발 | G27: =IF(OR(G4<0,G4=F4,ISERROR(INDEX(세부시간표!$A$3:$L$1183,9*G4-2,10))),"",INDEX(세부시간표!$A$3:$L$1183,9*G4-2,10)) -> 웹 애플리케이션 개발 | H27: =IF(OR(H4<0,H4=G4,ISERROR(INDEX(세부시간표!$A$3:$L$1183,9*H4-2,10))),"",INDEX(세부시간표!$A$3:$L$1183,9*H4-2,10)) -> 웹 애플리케이션 개발 | I27: =IF(OR(I4<0,I4=H4,ISERROR(INDEX(세부시간표!$A$3:$L$1183,9*I4-2,10))),"",INDEX(세부시간표!$A$3:$L$1183,9*I4-2,10)) -> 웹 애플리케이션 개발 | ... EP27: =IF(OR(EP4<0,EP4=EO4,ISERROR(INDEX(세부시간표!$A$3:$L$1183,9*EP4-2,10))),"",INDEX(세부시간표!$A$3:$L$1183,9*EP4-2,10))
B28: =B27 -> 웹 애플리케이션 개발 | C28: =C27 -> 웹 애플리케이션 개발 | D28: =D27 -> 웹 애플리케이션 개발 | E28: =E27 -> 웹 애플리케이션 개발 | F28: =F27 -> 웹 애플리케이션 개발 | G28: =G27 -> 웹 애플리케이션 개발 | H28: =H27 -> 웹 애플리케이션 개발 | I28: =I27 -> 웹 애플리케이션 개발 | ... EP28: =EP27
B29: =IF(OR(B4<0,B4=A4,ISERROR(INDEX(세부시간표!$A$3:$L$1183,9*B4-2,11))),"",LEFT(INDEX(세부시간표!$A$3:$L$1183,9*B4-2,11),4)) -> 1교육실 | C29: =IF(OR(C4<0,C4=B4,ISERROR(INDEX(세부시간표!$A$3:$L$1183,9*C4-2,11))),"",LEFT(INDEX(세부시간표!$A$3:$L$1183,9*C4-2,11),4)) -> 1교육실 | D29: =IF(OR(D4<0,D4=C4,ISERROR(INDEX(세부시간표!$A$3:$L$1183,9*D4-2,11))),"",LEFT(INDEX(세부시간표!$A$3:$L$1183,9*D4-2,11),4)) -> 1교육실 | E29: =IF(OR(E4<0,E4=D4,ISERROR(INDEX(세부시간표!$A$3:$L$1183,9*E4-2,11))),"",LEFT(INDEX(세부시간표!$A$3:$L$1183,9*E4-2,11),4)) -> 1교육실 | F29: =IF(OR(F4<0,F4=E4,ISERROR(INDEX(세부시간표!$A$3:$L$1183,9*F4-2,11))),"",LEFT(INDEX(세부시간표!$A$3:$L$1183,9*F4-2,11),4)) -> 1교육실 | G29: =IF(OR(G4<0,G4=F4,ISERROR(INDEX(세부시간표!$A$3:$L$1183,9*G4-2,11))),"",LEFT(INDEX(세부시간표!$A$3:$L$1183,9*G4-2,11),4)) -> 1교육실 | H29: =IF(OR(H4<0,H4=G4,ISERROR(INDEX(세부시간표!$A$3:$L$1183,9*H4-2,11))),"",LEFT(INDEX(세부시간표!$A$3:$L$1183,9*H4-2,11),4)) -> 1교육실 | I29: =IF(OR(I4<0,I4=H4,ISERROR(INDEX(세부시간표!$A$3:$L$1183,9*I4-2,11))),"",LEFT(INDEX(세부시간표!$A$3:$L$1183,9*I4-2,11),4)) -> 1교육실 | ... EK29: =IF(OR(EK4<0,EK4=EJ4,ISERROR(INDEX(세부시간표!$A$3:$L$1183,9*EK4-2,11))),"",LEFT(INDEX(세부시간표!$A$3:$L$1183,9*EK4-2,11),4)) | EL29: =IF(OR(EL4<0,EL4=EK4,ISERROR(INDEX(세부시간표!$A$3:$L$1183,9*EL4-2,11))),"",INDEX(세부시간표!$A$3:$L$1183,9*EL4-2,11)) | EM29: =IF(OR(EM4<0,EM4=EL4,ISERROR(INDEX(세부시간표!$A$3:$L$1183,9*EM4-2,11))),"",INDEX(세부시간표!$A$3:$L$1183,9*EM4-2,11)) | EN29: =IF(OR(EN4<0,EN4=EM4,ISERROR(INDEX(세부시간표!$A$3:$L$1183,9*EN4-2,11))),"",INDEX(세부시간표!$A$3:$L$1183,9*EN4-2,11)) | EO29: =IF(OR(EO4<0,EO4=EN4,ISERROR(INDEX(세부시간표!$A$3:$L$1183,9*EO4-2,11))),"",INDEX(세부시간표!$A$3:$L$1183,9*EO4-2,11)) | EP29: =IF(OR(EP4<0,EP4=EO4,ISERROR(INDEX(세부시간표!$A$3:$L$1183,9*EP4-2,11))),"",INDEX(세부시간표!$A$3:$L$1183,9*EP4-2,11))
B30: =IF(OR(B4<0,B4=A4,ISERROR(INDEX(세부시간표!$A$3:$L$1183,9*B4-2,12))),"",INDEX(세부시간표!$A$3:$L$1183,9*B4-2,12)) -> 양현수 | C30: =IF(OR(C4<0,C4=B4,ISERROR(INDEX(세부시간표!$A$3:$L$1183,9*C4-2,12))),"",INDEX(세부시간표!$A$3:$L$1183,9*C4-2,12)) -> 양현수 | D30: =IF(OR(D4<0,D4=C4,ISERROR(INDEX(세부시간표!$A$3:$L$1183,9*D4-2,12))),"",INDEX(세부시간표!$A$3:$L$1183,9*D4-2,12)) -> 양현수 | E30: =IF(OR(E4<0,E4=D4,ISERROR(INDEX(세부시간표!$A$3:$L$1183,9*E4-2,12))),"",INDEX(세부시간표!$A$3:$L$1183,9*E4-2,12)) -> 양현수 | F30: =IF(OR(F4<0,F4=E4,ISERROR(INDEX(세부시간표!$A$3:$L$1183,9*F4-2,12))),"",INDEX(세부시간표!$A$3:$L$1183,9*F4-2,12)) -> 양현수 | G30: =IF(OR(G4<0,G4=F4,ISERROR(INDEX(세부시간표!$A$3:$L$1183,9*G4-2,12))),"",INDEX(세부시간표!$A$3:$L$1183,9*G4-2,12)) -> 양현수 | H30: =IF(OR(H4<0,H4=G4,ISERROR(INDEX(세부시간표!$A$3:$L$1183,9*H4-2,12))),"",INDEX(세부시간표!$A$3:$L$1183,9*H4-2,12)) -> 양현수 | I30: =IF(OR(I4<0,I4=H4,ISERROR(INDEX(세부시간표!$A$3:$L$1183,9*I4-2,12))),"",INDEX(세부시간표!$A$3:$L$1183,9*I4-2,12)) -> 양현수 | ... EP30: =IF(OR(EP4<0,EP4=EO4,ISERROR(INDEX(세부시간표!$A$3:$L$1183,9*EP4-2,12))),"",INDEX(세부시간표!$A$3:$L$1183,9*EP4-2,12))
A31: 7교시 15:40 ~ 16:30 | B31: =IF(OR(B4<0,B4=A4,ISERROR(INDEX(세부시간표!$A$3:$L$1183,9*B4-1,10))),"",INDEX(세부시간표!$A$3:$L$1183,9*B4-1,10)) -> 웹 애플리케이션 개발 | C31: =IF(OR(C4<0,C4=B4,ISERROR(INDEX(세부시간표!$A$3:$L$1183,9*C4-1,10))),"",INDEX(세부시간표!$A$3:$L$1183,9*C4-1,10)) -> 웹 애플리케이션 개발 | D31: =IF(OR(D4<0,D4=C4,ISERROR(INDEX(세부시간표!$A$3:$L$1183,9*D4-1,10))),"",INDEX(세부시간표!$A$3:$L$1183,9*D4-1,10)) -> 웹 애플리케이션 개발 | E31: =IF(OR(E4<0,E4=D4,ISERROR(INDEX(세부시간표!$A$3:$L$1183,9*E4-1,10))),"",INDEX(세부시간표!$A$3:$L$1183,9*E4-1,10)) -> 웹 애플리케이션 개발 | F31: =IF(OR(F4<0,F4=E4,ISERROR(INDEX(세부시간표!$A$3:$L$1183,9*F4-1,10))),"",INDEX(세부시간표!$A$3:$L$1183,9*F4-1,10)) -> 웹 애플리케이션 개발 | G31: =IF(OR(G4<0,G4=F4,ISERROR(INDEX(세부시간표!$A$3:$L$1183,9*G4-1,10))),"",INDEX(세부시간표!$A$3:$L$1183,9*G4-1,10)) -> 웹 애플리케이션 개발 | H31: =IF(OR(H4<0,H4=G4,ISERROR(INDEX(세부시간표!$A$3:$L$1183,9*H4-1,10))),"",INDEX(세부시간표!$A$3:$L$1183,9*H4-1,10)) -> 웹 애플리케이션 개발 | I31: =IF(OR(I4<0,I4=H4,ISERROR(INDEX(세부시간표!$A$3:$L$1183,9*I4-1,10))),"",INDEX(세부시간표!$A$3:$L$1183,9*I4-1,10)) -> 웹 애플리케이션 개발 | ... EP31: =IF(OR(EP4<0,EP4=EO4,ISERROR(INDEX(세부시간표!$A$3:$L$1183,9*EP4-1,10))),"",INDEX(세부시간표!$A$3:$L$1183,9*EP4-1,10))
B32: =B31 -> 웹 애플리케이션 개발 | C32: =C31 -> 웹 애플리케이션 개발 | D32: =D31 -> 웹 애플리케이션 개발 | E32: =E31 -> 웹 애플리케이션 개발 | F32: =F31 -> 웹 애플리케이션 개발 | G32: =G31 -> 웹 애플리케이션 개발 | H32: =H31 -> 웹 애플리케이션 개발 | I32: =I31 -> 웹 애플리케이션 개발 | ... EP32: =EP31
B33: =IF(OR(B4<0,B4=A4,ISERROR(INDEX(세부시간표!$A$3:$L$1183,9*B4-1,11))),"",LEFT(INDEX(세부시간표!$A$3:$L$1183,9*B4-1,11),4)) -> 1교육실 | C33: =IF(OR(C4<0,C4=B4,ISERROR(INDEX(세부시간표!$A$3:$L$1183,9*C4-1,11))),"",LEFT(INDEX(세부시간표!$A$3:$L$1183,9*C4-1,11),4)) -> 1교육실 | D33: =IF(OR(D4<0,D4=C4,ISERROR(INDEX(세부시간표!$A$3:$L$1183,9*D4-1,11))),"",LEFT(INDEX(세부시간표!$A$3:$L$1183,9*D4-1,11),4)) -> 1교육실 | E33: =IF(OR(E4<0,E4=D4,ISERROR(INDEX(세부시간표!$A$3:$L$1183,9*E4-1,11))),"",LEFT(INDEX(세부시간표!$A$3:$L$1183,9*E4-1,11),4)) -> 1교육실 | F33: =IF(OR(F4<0,F4=E4,ISERROR(INDEX(세부시간표!$A$3:$L$1183,9*F4-1,11))),"",LEFT(INDEX(세부시간표!$A$3:$L$1183,9*F4-1,11),4)) -> 1교육실 | G33: =IF(OR(G4<0,G4=F4,ISERROR(INDEX(세부시간표!$A$3:$L$1183,9*G4-1,11))),"",LEFT(INDEX(세부시간표!$A$3:$L$1183,9*G4-1,11),4)) -> 1교육실 | H33: =IF(OR(H4<0,H4=G4,ISERROR(INDEX(세부시간표!$A$3:$L$1183,9*H4-1,11))),"",LEFT(INDEX(세부시간표!$A$3:$L$1183,9*H4-1,11),4)) -> 1교육실 | I33: =IF(OR(I4<0,I4=H4,ISERROR(INDEX(세부시간표!$A$3:$L$1183,9*I4-1,11))),"",LEFT(INDEX(세부시간표!$A$3:$L$1183,9*I4-1,11),4)) -> 1교육실 | ... EK33: =IF(OR(EK4<0,EK4=EJ4,ISERROR(INDEX(세부시간표!$A$3:$L$1183,9*EK4-1,11))),"",LEFT(INDEX(세부시간표!$A$3:$L$1183,9*EK4-1,11),4)) | EL33: =IF(OR(EL4<0,EL4=EK4,ISERROR(INDEX(세부시간표!$A$3:$L$1183,9*EL4-1,11))),"",INDEX(세부시간표!$A$3:$L$1183,9*EL4-1,11)) | EM33: =IF(OR(EM4<0,EM4=EL4,ISERROR(INDEX(세부시간표!$A$3:$L$1183,9*EM4-1,11))),"",INDEX(세부시간표!$A$3:$L$1183,9*EM4-1,11)) | EN33: =IF(OR(EN4<0,EN4=EM4,ISERROR(INDEX(세부시간표!$A$3:$L$1183,9*EN4-1,11))),"",INDEX(세부시간표!$A$3:$L$1183,9*EN4-1,11)) | EO33: =IF(OR(EO4<0,EO4=EN4,ISERROR(INDEX(세부시간표!$A$3:$L$1183,9*EO4-1,11))),"",INDEX(세부시간표!$A$3:$L$1183,9*EO4-1,11)) | EP33: =IF(OR(EP4<0,EP4=EO4,ISERROR(INDEX(세부시간표!$A$3:$L$1183,9*EP4-1,11))),"",INDEX(세부시간표!$A$3:$L$1183,9*EP4-1,11))
B34: =IF(OR(B4<0,B4=A4,ISERROR(INDEX(세부시간표!$A$3:$L$1183,9*B4-1,12))),"",INDEX(세부시간표!$A$3:$L$1183,9*B4-1,12)) -> 양현수 | C34: =IF(OR(C4<0,C4=B4,ISERROR(INDEX(세부시간표!$A$3:$L$1183,9*C4-1,12))),"",INDEX(세부시간표!$A$3:$L$1183,9*C4-1,12)) -> 양현수 | D34: =IF(OR(D4<0,D4=C4,ISERROR(INDEX(세부시간표!$A$3:$L$1183,9*D4-1,12))),"",INDEX(세부시간표!$A$3:$L$1183,9*D4-1,12)) -> 양현수 | E34: =IF(OR(E4<0,E4=D4,ISERROR(INDEX(세부시간표!$A$3:$L$1183,9*E4-1,12))),"",INDEX(세부시간표!$A$3:$L$1183,9*E4-1,12)) -> 양현수 | F34: =IF(OR(F4<0,F4=E4,ISERROR(INDEX(세부시간표!$A$3:$L$1183,9*F4-1,12))),"",INDEX(세부시간표!$A$3:$L$1183,9*F4-1,12)) -> 양현수 | G34: =IF(OR(G4<0,G4=F4,ISERROR(INDEX(세부시간표!$A$3:$L$1183,9*G4-1,12))),"",INDEX(세부시간표!$A$3:$L$1183,9*G4-1,12)) -> 양현수 | H34: =IF(OR(H4<0,H4=G4,ISERROR(INDEX(세부시간표!$A$3:$L$1183,9*H4-1,12))),"",INDEX(세부시간표!$A$3:$L$1183,9*H4-1,12)) -> 양현수 | I34: =IF(OR(I4<0,I4=H4,ISERROR(INDEX(세부시간표!$A$3:$L$1183,9*I4-1,12))),"",INDEX(세부시간표!$A$3:$L$1183,9*I4-1,12)) -> 양현수 | ... EP34: =IF(OR(EP4<0,EP4=EO4,ISERROR(INDEX(세부시간표!$A$3:$L$1183,9*EP4-1,12))),"",INDEX(세부시간표!$A$3:$L$1183,9*EP4-1,12))
A35: 8교시 16:40 ~ 17:30 | B35: =IF(OR(B4<0,B4=A4,ISERROR(INDEX(세부시간표!$A$3:$L$1183,9*B4,10))),"",INDEX(세부시간표!$A$3:$L$1183,9*B4,10)) -> 웹 애플리케이션 개발 | C35: =IF(OR(C4<0,C4=B4,ISERROR(INDEX(세부시간표!$A$3:$L$1183,9*C4,10))),"",INDEX(세부시간표!$A$3:$L$1183,9*C4,10)) -> 웹 애플리케이션 개발 | D35: =IF(OR(D4<0,D4=C4,ISERROR(INDEX(세부시간표!$A$3:$L$1183,9*D4,10))),"",INDEX(세부시간표!$A$3:$L$1183,9*D4,10)) -> 웹 애플리케이션 개발 | E35: =IF(OR(E4<0,E4=D4,ISERROR(INDEX(세부시간표!$A$3:$L$1183,9*E4,10))),"",INDEX(세부시간표!$A$3:$L$1183,9*E4,10)) -> 웹 애플리케이션 개발 | F35: =IF(OR(F4<0,F4=E4,ISERROR(INDEX(세부시간표!$A$3:$L$1183,9*F4,10))),"",INDEX(세부시간표!$A$3:$L$1183,9*F4,10)) -> 웹 애플리케이션 개발 | G35: =IF(OR(G4<0,G4=F4,ISERROR(INDEX(세부시간표!$A$3:$L$1183,9*G4,10))),"",INDEX(세부시간표!$A$3:$L$1183,9*G4,10)) -> 웹 애플리케이션 개발 | H35: =IF(OR(H4<0,H4=G4,ISERROR(INDEX(세부시간표!$A$3:$L$1183,9*H4,10))),"",INDEX(세부시간표!$A$3:$L$1183,9*H4,10)) -> 웹 애플리케이션 개발 | I35: =IF(OR(I4<0,I4=H4,ISERROR(INDEX(세부시간표!$A$3:$L$1183,9*I4,10))),"",INDEX(세부시간표!$A$3:$L$1183,9*I4,10)) -> 웹 애플리케이션 개발 | ... EP35: =IF(OR(EP4<0,EP4=EO4,ISERROR(INDEX(세부시간표!$A$3:$L$1183,9*EP4,10))),"",INDEX(세부시간표!$A$3:$L$1183,9*EP4,10))
B36: =B35 -> 웹 애플리케이션 개발 | C36: =C35 -> 웹 애플리케이션 개발 | D36: =D35 -> 웹 애플리케이션 개발 | E36: =E35 -> 웹 애플리케이션 개발 | F36: =F35 -> 웹 애플리케이션 개발 | G36: =G35 -> 웹 애플리케이션 개발 | H36: =H35 -> 웹 애플리케이션 개발 | I36: =I35 -> 웹 애플리케이션 개발 | ... EP36: =EP35
B37: =IF(OR(B4<0,B4=A4,ISERROR(INDEX(세부시간표!$A$3:$L$1183,9*B4,11))),"",LEFT(INDEX(세부시간표!$A$3:$L$1183,9*B4,11),4)) -> 1교육실 | C37: =IF(OR(C4<0,C4=B4,ISERROR(INDEX(세부시간표!$A$3:$L$1183,9*C4,11))),"",LEFT(INDEX(세부시간표!$A$3:$L$1183,9*C4,11),4)) -> 1교육실 | D37: =IF(OR(D4<0,D4=C4,ISERROR(INDEX(세부시간표!$A$3:$L$1183,9*D4,11))),"",LEFT(INDEX(세부시간표!$A$3:$L$1183,9*D4,11),4)) -> 1교육실 | E37: =IF(OR(E4<0,E4=D4,ISERROR(INDEX(세부시간표!$A$3:$L$1183,9*E4,11))),"",LEFT(INDEX(세부시간표!$A$3:$L$1183,9*E4,11),4)) -> 1교육실 | F37: =IF(OR(F4<0,F4=E4,ISERROR(INDEX(세부시간표!$A$3:$L$1183,9*F4,11))),"",LEFT(INDEX(세부시간표!$A$3:$L$1183,9*F4,11),4)) -> 1교육실 | G37: =IF(OR(G4<0,G4=F4,ISERROR(INDEX(세부시간표!$A$3:$L$1183,9*G4,11))),"",LEFT(INDEX(세부시간표!$A$3:$L$1183,9*G4,11),4)) -> 1교육실 | H37: =IF(OR(H4<0,H4=G4,ISERROR(INDEX(세부시간표!$A$3:$L$1183,9*H4,11))),"",LEFT(INDEX(세부시간표!$A$3:$L$1183,9*H4,11),4)) -> 1교육실 | I37: =IF(OR(I4<0,I4=H4,ISERROR(INDEX(세부시간표!$A$3:$L$1183,9*I4,11))),"",LEFT(INDEX(세부시간표!$A$3:$L$1183,9*I4,11),4)) -> 1교육실 | ... EK37: =IF(OR(EK4<0,EK4=EJ4,ISERROR(INDEX(세부시간표!$A$3:$L$1183,9*EK4,11))),"",LEFT(INDEX(세부시간표!$A$3:$L$1183,9*EK4,11),4)) | EL37: =IF(OR(EL4<0,EL4=EK4,ISERROR(INDEX(세부시간표!$A$3:$L$1183,9*EL4,11))),"",INDEX(세부시간표!$A$3:$L$1183,9*EL4,11)) | EM37: =IF(OR(EM4<0,EM4=EL4,ISERROR(INDEX(세부시간표!$A$3:$L$1183,9*EM4,11))),"",INDEX(세부시간표!$A$3:$L$1183,9*EM4,11)) | EN37: =IF(OR(EN4<0,EN4=EM4,ISERROR(INDEX(세부시간표!$A$3:$L$1183,9*EN4,11))),"",INDEX(세부시간표!$A$3:$L$1183,9*EN4,11)) | EO37: =IF(OR(EO4<0,EO4=EN4,ISERROR(INDEX(세부시간표!$A$3:$L$1183,9*EO4,11))),"",INDEX(세부시간표!$A$3:$L$1183,9*EO4,11)) | EP37: =IF(OR(EP4<0,EP4=EO4,ISERROR(INDEX(세부시간표!$A$3:$L$1183,9*EP4,11))),"",INDEX(세부시간표!$A$3:$L$1183,9*EP4,11))
B38: =IF(OR(B4<0,B4=A4,ISERROR(INDEX(세부시간표!$A$3:$L$1183,9*B4,12))),"",INDEX(세부시간표!$A$3:$L$1183,9*B4,12)) -> 양현수 | C38: =IF(OR(C4<0,C4=B4,ISERROR(INDEX(세부시간표!$A$3:$L$1183,9*C4,12))),"",INDEX(세부시간표!$A$3:$L$1183,9*C4,12)) -> 양현수 | D38: =IF(OR(D4<0,D4=C4,ISERROR(INDEX(세부시간표!$A$3:$L$1183,9*D4,12))),"",INDEX(세부시간표!$A$3:$L$1183,9*D4,12)) -> 양현수 | E38: =IF(OR(E4<0,E4=D4,ISERROR(INDEX(세부시간표!$A$3:$L$1183,9*E4,12))),"",INDEX(세부시간표!$A$3:$L$1183,9*E4,12)) -> 양현수 | F38: =IF(OR(F4<0,F4=E4,ISERROR(INDEX(세부시간표!$A$3:$L$1183,9*F4,12))),"",INDEX(세부시간표!$A$3:$L$1183,9*F4,12)) -> 양현수 | G38: =IF(OR(G4<0,G4=F4,ISERROR(INDEX(세부시간표!$A$3:$L$1183,9*G4,12))),"",INDEX(세부시간표!$A$3:$L$1183,9*G4,12)) -> 양현수 | H38: =IF(OR(H4<0,H4=G4,ISERROR(INDEX(세부시간표!$A$3:$L$1183,9*H4,12))),"",INDEX(세부시간표!$A$3:$L$1183,9*H4,12)) -> 양현수 | I38: =IF(OR(I4<0,I4=H4,ISERROR(INDEX(세부시간표!$A$3:$L$1183,9*I4,12))),"",INDEX(세부시간표!$A$3:$L$1183,9*I4,12)) -> 양현수 | ... EP38: =IF(OR(EP4<0,EP4=EO4,ISERROR(INDEX(세부시간표!$A$3:$L$1183,9*EP4,12))),"",INDEX(세부시간표!$A$3:$L$1183,9*EP4,12))
B39: =IF(B7="","x","") | C39: =IF(C7="","x","") | D39: =IF(D7="","x","") | E39: =IF(E7="","x","") | F39: =IF(F7="","x","") | G39: =IF(G7="","x","") | H39: =IF(H7="","x","") | I39: =IF(I7="","x","") | ... EL39: =IF(EL7="","x","") -> x

Sheet 훈련일지(1)
A1: 훈 련 일 지
A3: 훈련기관명 : | C3: 휴먼IT교육센터_내일배움카드교육
A4: 훈련과정명 : | C4: =기본입력!C1 -> 인공지능(AI),빅데이터 활용 웹솔루션 개발자 양성(Python, Java)
A5: 훈련기간 : | C5: =기본입력!C2 -> 2025.09.22~2026.03.25
C6: =기본입력!C3 -> (6개월. 122일. 976시간. 일 8.0시간)
A7: 훈 련 일 : | C7: 46017 | H7: =C7 -> 46017 | L7: ="("&NETWORKDAYS(시작일,C7,공휴일)&"일" -> (64일 | M7: ="/ "&NETWORKDAYS(시작일,종료일,공휴일)&"일)" -> / 122일)
A9: 재적 | B9: 16 | C9: 명 | D9: 출석 | E9: =B9-H9 -> 11 | F9: 명 | G9: 결석 | H9: =COUNTA(결석훈련생명단) -> 5 | I9: 명 | J9: 지각 | K9: =COUNTA(지각훈련생명단) -> 0 | L9: 명 | M9: 조퇴 | N9: =COUNTA(조퇴훈련생명단) -> 0 | O9: 명
A11: 훈 련 사 항
A12: 교시 | B12: 훈련과목 | E12: 훈련교사 | G12: 훈련내용(능력단위명) | L12: 비고 (불참자등) | P12: 9
A13: 1 09:00~09:50 | B13: =HLOOKUP(C7,'시간표(상용)'!$B$6:$EP$38,2,FALSE) -> Advanced 프로젝트 | E13: =HLOOKUP(C7,'시간표(상용)'!$B$6:$EP$38,5,FALSE) -> 양현수 | G13: =HLOOKUP(C7,'시간표(상용)'!$B$6:$EP$38,3,FALSE) -> Advanced 프로젝트 | L13: =IF(IF($E$23="",1,VALUE(LEFT($E$23,2)))>=P12,$E$22,"")&IF(IF($F$23="",1,VALUE(LEFT($F$23,2)))>=P12,","&$F$22,"")&IF(IF($G$23="",1,VALUE(LEFT($G$23,2)))>=P12,","&$G$22,"")&IF(IF($H$23="",1,VALUE(LEFT($H$23,2)))>=P12,","&$H$22,"")&IF(IF($I$23="",1,VALUE(LEFT($I$23,2)))>=P12,","&$I$22,"")&IF(IF($J$23="",1,VALUE(LEFT($J$23,2)))>=P12,","&$J$22,"")&IF(IF($K$23="",1,VALUE(LEFT($K$23,2)))>=P12,","&$K$22,"")&IF(IF($L$23="",1,VALUE(LEFT($L$23,2)))>=P12,","&$L$22,"")&IF(IF($M$23="",1,VALUE(LEFT($M$23,2)))>=P12,","&$M$22,"")&IF(IF($N$23="",1,VALUE(LEFT($N$23,2)))>=P12,","&$N$22,"")&IF(IF($O$23="",1,VALUE(LEFT($O$23,2)))>=P12,","&$O$22,"")&IF($E$24="","",","&$E$24)&IF($F$24="","",","&$F$24)&IF($G$24="","",","&$G$24)&IF($H$24="","",","&$H$24)&IF($I$24="","",","&$I$24)&IF($J$24="","",","&$J$24)&IF($K$24="","",","&$K$24)&IF($L$24="","",","&$L$24)&IF($M$24="","",","&$M$24)&IF($N$24="","",","&$N$24)&IF($O$24="","",","&$O$24) -> ,이준오,김담현,김용,박성준,임동주 | P13: 10 | Q13: 09:00~09:50
A14: 2 10:00~10:50 | B14: =HLOOKUP(C7,'시간표(상용)'!$B$6:$EP$387,6,FALSE) -> Advanced 프로젝트 | E14: =HLOOKUP(C7,'시간표(상용)'!$B$6:$EP$38,9,FALSE) -> 양현수 | G14: =HLOOKUP(C7,'시간표(상용)'!$B$6:$EP$387,7,FALSE) -> Advanced 프로젝트 | L14: =IF(IF($E$23="",1,VALUE(LEFT($E$23,2)))>=P13,$E$22,"")&IF(IF($F$23="",1,VALUE(LEFT($F$23,2)))>=P13,","&$F$22,"")&IF(IF($G$23="",1,VALUE(LEFT($G$23,2)))>=P13,","&$G$22,"")&IF(IF($H$23="",1,VALUE(LEFT($H$23,2)))>=P13,","&$H$22,"")&IF(IF($I$23="",1,VALUE(LEFT($I$23,2)))>=P13,","&$I$22,"")&IF(IF($J$23="",1,VALUE(LEFT($J$23,2)))>=P13,","&$J$22,"")&IF(IF($K$23="",1,VALUE(LEFT($K$23,2)))>=P13,","&$K$22,"")&IF(IF($L$23="",1,VALUE(LEFT($L$23,2)))>=P13,","&$L$22,"")&IF(IF($M$23="",1,VALUE(LEFT($M$23,2)))>=P13,","&$M$22,"")&IF(IF($N$23="",1,VALUE(LEFT($N$23,2)))>=P13,","&$N$22,"")&IF(IF($O$23="",1,VALUE(LEFT($O$23,2)))>=P13,","&$O$22,"")&IF($E$24="","",","&$E$24)&IF($F$24="","",","&$F$24)&IF($G$24="","",","&$G$24)&IF($H$24="","",","&$H$24)&IF($I$24="","",","&$I$24)&IF($J$24="","",","&$J$24)&IF($K$24="","",","&$K$24)&IF($L$24="","",","&$L$24)&IF($M$24="","",","&$M$24)&IF($N$24="","",","&$N$24)&IF($O$24="","",","&$O$24) -> ,이준오,김담현,김용,박성준,임동주 | P14: 11 | Q14: 10:00~10:50
A15: 3 11:00~11:50 | B15: =HLOOKUP(C7,'시간표(상용)'!$B$6:$EP$387,10,FALSE) -> Advanced 프로젝트 | E15: =HLOOKUP(C7,'시간표(상용)'!$B$6:$EP$38,13,FALSE) -> 양현수 | G15: =HLOOKUP(C7,'시간표(상용)'!$B$6:$EP$387,11,FALSE) -> Advanced 프로젝트 | L15: =IF(IF($E$23="",1,VALUE(LEFT($E$23,2)))>=P14,$E$22,"")&IF(IF($F$23="",1,VALUE(LEFT($F$23,2)))>=P14,","&$F$22,"")&IF(IF($G$23="",1,VALUE(LEFT($G$23,2)))>=P14,","&$G$22,"")&IF(IF($H$23="",1,VALUE(LEFT($H$23,2)))>=P14,","&$H$22,"")&IF(IF($I$23="",1,VALUE(LEFT($I$23,2)))>=P14,","&$I$22,"")&IF(IF($J$23="",1,VALUE(LEFT($J$23,2)))>=P14,","&$J$22,"")&IF(IF($K$23="",1,VALUE(LEFT($K$23,2)))>=P14,","&$K$22,"")&IF(IF($L$23="",1,VALUE(LEFT($L$23,2)))>=P14,","&$L$22,"")&IF(IF($M$23="",1,VALUE(LEFT($M$23,2)))>=P14,","&$M$22,"")&IF(IF($N$23="",1,VALUE(LEFT($N$23,2)))>=P14,","&$N$22,"")&IF(IF($O$23="",1,VALUE(LEFT($O$23,2)))>=P14,","&$O$22,"")&IF($E$24="","",","&$E$24)&IF($F$24="","",","&$F$24)&IF($G$24="","",","&$G$24)&IF($H$24="","",","&$H$24)&IF($I$24="","",","&$I$24)&IF($J$24="","",","&$J$24)&IF($K$24="","",","&$K$24)&IF($L$24="","",","&$L$24)&IF($M$24="","",","&$M$24)&IF($N$24="","",","&$N$24)&IF($O$24="","",","&$O$24) -> ,이준오,김담현,김용,박성준,임동주 | P15: 12 | Q15: 11:00~11:50
A16: 4 12:00~12:50 | B16: =HLOOKUP(C7,'시간표(상용)'!$B$6:$EP$387,14,FALSE) -> Advanced 프로젝트 | E16: =HLOOKUP(C7,'시간표(상용)'!$B$6:$EP$38,17,FALSE) -> 양현수 | G16: =HLOOKUP(C7,'시간표(상용)'!$B$6:$EP$387,15,FALSE) -> Advanced 프로젝트 | L16: =IF(IF($E$23="",1,VALUE(LEFT($E$23,2)))>=P15,$E$22,"")&IF(IF($F$23="",1,VALUE(LEFT($F$23,2)))>=P15,","&$F$22,"")&IF(IF($G$23="",1,VALUE(LEFT($G$23,2)))>=P15,","&$G$22,"")&IF(IF($H$23="",1,VALUE(LEFT($H$23,2)))>=P15,","&$H$22,"")&IF(IF($I$23="",1,VALUE(LEFT($I$23,2)))>=P15,","&$I$22,"")&IF(IF($J$23="",1,VALUE(LEFT($J$23,2)))>=P15,","&$J$22,"")&IF(IF($K$23="",1,VALUE(LEFT($K$23,2)))>=P15,","&$K$22,"")&IF(IF($L$23="",1,VALUE(LEFT($L$23,2)))>=P15,","&$L$22,"")&IF(IF($M$23="",1,VALUE(LEFT($M$23,2)))>=P15,","&$M$22,"")&IF(IF($N$23="",1,VALUE(LEFT($N$23,2)))>=P15,","&$N$22,"")&IF(IF($O$23="",1,VALUE(LEFT($O$23,2)))>=P15,","&$O$22,"")&IF($E$24="","",","&$E$24)&IF($F$24="","",","&$F$24)&IF($G$24="","",","&$G$24)&IF($H$24="","",","&$H$24)&IF($I$24="","",","&$I$24)&IF($J$24="","",","&$J$24)&IF($K$24="","",","&$K$24)&IF($L$24="","",","&$L$24)&IF($M$24="","",","&$M$24)&IF($N$24="","",","&$N$24)&IF($O$24="","",","&$O$24) -> ,이준오,김담현,김용,박성준,임동주 | Q16: 12:00~12:50
A17: 5 13:40~14:30 | B17: =HLOOKUP(C7,'시간표(상용)'!$B$6:$EP$387,18,FALSE) -> Advanced 프로젝트 | E17: =HLOOKUP(C7,'시간표(상용)'!$B$6:$EP$38,21,FALSE) -> 양현수 | G17: =HLOOKUP(C7,'시간표(상용)'!$B$6:$EP$387,19,FALSE) -> Advanced 프로젝트 | L17: =IF(B17="공강","",IF($E$24="","",$E$24)&IF($F$24="","",","&$F$24)&IF($G$24="","",","&$G$24)&IF($H$24="","",","&$H$24)&IF($I$24="","",","&$I$24)&IF($J$24="","",","&$J$24)&IF($K$24="","",","&$K$24)&IF($L$24="","",","&$L$24)&IF($M$24="","",","&$M$24)&IF($N$24="","",","&$N$24)&IF($O$24="","",","&$O$24)&IF(IF($E$27="","",VALUE(LEFT($E$27,2)))<P17,","&$E$26,"")&IF(IF($F$27="","",VALUE(LEFT($F$27,2)))<P17,","&$F$26,"")&IF(IF($G$27="","",VALUE(LEFT($G$27,2)))<P17,","&$G$26,"")&IF(IF($H$27="","",VALUE(LEFT($H$27,2)))<P17,","&$H$26,"")&IF(IF($I$27="","",VALUE(LEFT($I$27,2)))<P17,","&$I$26,"")&IF(IF($J$27="","",VALUE(LEFT($J$27,2)))<P17,","&$J$26,"")&IF(IF($K$27="","",VALUE(LEFT($K$27,2)))<P17,","&$K$26,"")&IF(IF($L$27="","",VALUE(LEFT($L$27,2)))<P17,","&$L$26,"")&IF(IF($M$27="","",VALUE(LEFT($M$27,2)))<P17,","&$M$26,"")&IF(IF($N$27="","",VALUE(LEFT($N$27,2)))<P17,","&$N$26,"")&IF(IF($O$27="","",VALUE(LEFT($O$27,2)))<P17,","&$O$26,"")) -> 이준오,김담현,김용,박성준,임동주 | P17: 14 | Q17: 13:40~14:30
A18: 6 14:40~15:30 | B18: =HLOOKUP(C7,'시간표(상용)'!$B$6:$EP$387,22,FALSE) -> Advanced 프로젝트 | E18: =HLOOKUP(C7,'시간표(상용)'!$B$6:$EP$38,25,FALSE) -> 양현수 | G18: =HLOOKUP(C7,'시간표(상용)'!$B$6:$EP$387,23,FALSE) -> Advanced 프로젝트 | L18: =IF(B18="공강","",IF($E$24="","",$E$24)&IF($F$24="","",","&$F$24)&IF($G$24="","",","&$G$24)&IF($H$24="","",","&$H$24)&IF($I$24="","",","&$I$24)&IF($J$24="","",","&$J$24)&IF($K$24="","",","&$K$24)&IF($L$24="","",","&$L$24)&IF($M$24="","",","&$M$24)&IF($N$24="","",","&$N$24)&IF($O$24="","",","&$O$24)&IF(IF($E$27="","",VALUE(LEFT($E$27,2)))<P18,","&$E$26,"")&IF(IF($F$27="","",VALUE(LEFT($F$27,2)))<P18,","&$F$26,"")&IF(IF($G$27="","",VALUE(LEFT($G$27,2)))<P18,","&$G$26,"")&IF(IF($H$27="","",VALUE(LEFT($H$27,2)))<P18,","&$H$26,"")&IF(IF($I$27="","",VALUE(LEFT($I$27,2)))<P18,","&$I$26,"")&IF(IF($J$27="","",VALUE(LEFT($J$27,2)))<P18,","&$J$26,"")&IF(IF($K$27="","",VALUE(LEFT($K$27,2)))<P18,","&$K$26,"")&IF(IF($L$27="","",VALUE(LEFT($L$27,2)))<P18,","&$L$26,"")&IF(IF($M$27="","",VALUE(LEFT($M$27,2)))<P18,","&$M$26,"")&IF(IF($N$27="","",VALUE(LEFT($N$27,2)))<P18,","&$N$26,"")&IF(IF($O$27="","",VALUE(LEFT($O$27,2)))<P18,","&$O$26,"")) -> 이준오,김담현,김용,박성준,임동주 | P18: 15 | Q18: 14:40~15:30
A19: 7 15:40~16:30 | B19: =HLOOKUP(C7,'시간표(상용)'!$B$6:$EP$387,26,FALSE) -> Advanced 프로젝트 | E19: =HLOOKUP(C7,'시간표(상용)'!$B$6:$EP$38,29,FALSE) -> 양현수 | G19: =HLOOKUP(C7,'시간표(상용)'!$B$6:$EP$387,27,FALSE) -> Advanced 프로젝트 | L19: =IF(B19="공강","",IF($E$24="","",$E$24)&IF($F$24="","",","&$F$24)&IF($G$24="","",","&$G$24)&IF($H$24="","",","&$H$24)&IF($I$24="","",","&$I$24)&IF($J$24="","",","&$J$24)&IF($K$24="","",","&$K$24)&IF($L$24="","",","&$L$24)&IF($M$24="","",","&$M$24)&IF($N$24="","",","&$N$24)&IF($O$24="","",","&$O$24)&IF(IF($E$27="","",VALUE(LEFT($E$27,2)))<P19,","&$E$26,"")&IF(IF($F$27="","",VALUE(LEFT($F$27,2)))<P19,","&$F$26,"")&IF(IF($G$27="","",VALUE(LEFT($G$27,2)))<P19,","&$G$26,"")&IF(IF($H$27="","",VALUE(LEFT($H$27,2)))<P19,","&$H$26,"")&IF(IF($I$27="","",VALUE(LEFT($I$27,2)))<P19,","&$I$26,"")&IF(IF($J$27="","",VALUE(LEFT($J$27,2)))<P19,","&$J$26,"")&IF(IF($K$27="","",VALUE(LEFT($K$27,2)))<P19,","&$K$26,"")&IF(IF($L$27="","",VALUE(LEFT($L$27,2)))<P19,","&$L$26,"")&IF(IF($M$27="","",VALUE(LEFT($M$27,2)))<P19,","&$M$26,"")&IF(IF($N$27="","",VALUE(LEFT($N$27,2)))<P19,","&$N$26,"")&IF(IF($O$27="","",VALUE(LEFT($O$27,2)))<P19,","&$O$26,"")) -> 이준오,김담현,김용,박성준,임동주 | P19: 16 | Q19: 15:40~16:30
A20: 8 16:40~17:30 | B20: =HLOOKUP(C7,'시간표(상용)'!$B$6:$EP$387,30,FALSE) -> Advanced 프로젝트 | E20: =HLOOKUP(C7,'시간표(상용)'!$B$6:$EP$38,33,FALSE) -> 양현수 | G20: =HLOOKUP(C7,'시간표(상용)'!$B$6:$EP$387,31,FALSE) -> Advanced 프로젝트 | L20: =IF(B20="공강","",IF($E$24="","",$E$24)&IF($F$24="","",","&$F$24)&IF($G$24="","",","&$G$24)&IF($H$24="","",","&$H$24)&IF($I$24="","",","&$I$24)&IF($J$24="","",","&$J$24)&IF($K$24="","",","&$K$24)&IF($L$24="","",","&$L$24)&IF($M$24="","",","&$M$24)&IF($N$24="","",","&$N$24)&IF($O$24="","",","&$O$24)&IF(IF($E$27="","",VALUE(LEFT($E$27,2)))<P20,","&$E$26,"")&IF(IF($F$27="","",VALUE(LEFT($F$27,2)))<P20,","&$F$26,"")&IF(IF($G$27="","",VALUE(LEFT($G$27,2)))<P20,","&$G$26,"")&IF(IF($H$27="","",VALUE(LEFT($H$27,2)))<P20,","&$H$26,"")&IF(IF($I$27="","",VALUE(LEFT($I$27,2)))<P20,","&$I$26,"")&IF(IF($J$27="","",VALUE(LEFT($J$27,2)))<P20,","&$J$26,"")&IF(IF($K$27="","",VALUE(LEFT($K$27,2)))<P20,","&$K$26,"")&IF(IF($L$27="","",VALUE(LEFT($L$27,2)))<P20,","&$L$26,"")&IF(IF($M$27="","",VALUE(LEFT($M$27,2)))<P20,","&$M$26,"")&IF(IF($N$27="","",VALUE(LEFT($N$27,2)))<P20,","&$N$26,"")&IF(IF($O$27="","",VALUE(LEFT($O$27,2)))<P20,","&$O$26,"")) -> 이준오,김담현,김용,박성준,임동주 | P20: 17 | Q20: 16:40~17:30
A21: 지시사항
A22: 특 이 사 항 | B22: 지각자
B24: 결석자 | E24: 이준오 | F24: 김담현 | G24: 김용 | H24: 박성준 | I24: 임동주
B26: 조퇴자
B28: 기타사항 (전달사항, 외출자 등)

Sheet 훈련일지(2)
A1: 훈 련 일 지
A3: 훈 련 기 관 명 : | C3: (주)휴먼교육센터
A4: 훈 련 과 정 명 : | C4: =기본입력!C1 -> 인공지능(AI),빅데이터 활용 웹솔루션 개발자 양성(Python, Java)
A5: 훈 련 기 간 : | C5: =기본입력!C2 -> 2025.09.22~2026.03.25 | F5: ="("&기본입력!C3&")" -> ((6개월. 122일. 976시간. 일 8.0시간) )
A6: 훈 련 일 : | C6: 44951 | H6: =C6 -> 44951 | L6: ="("&NETWORKDAYS(시작일,C6,공휴일)&"일" -> (-693일 | M6: ="/ "&NETWORKDAYS(시작일,종료일,공휴일)&"일)" -> / 122일)
A8: 재적 | B8: 30 | C8: 명 | D8: 출석 | E8: =B8-H8 -> 29 | F8: 명 | G8: 결석 | H8: =COUNTA(결석훈련생명단) -> 1 | I8: 명 | J8: 지각 | K8: =COUNTA(지각훈련생명단) -> 2 | L8: 명 | M8: 조퇴 | N8: =COUNTA(조퇴훈련생명단) -> 3 | O8: 명
A10: 훈 련 사 항
A11: 교시 | B11: 훈련과목 | E11: 훈련교사 | G11: 훈련내용(능력단위명) | K11: 비고 (불참자등) | P11: 9
A12: 1 09:00~09:50 | B12: =HLOOKUP(C6,'시간표(상용)'!$B$6:$EP$38,2,FALSE) -> #N/A | E12: =HLOOKUP(C6,'시간표(상용)'!$B$6:$EP$38,5,FALSE) -> #N/A | G12: =HLOOKUP(C6,'시간표(상용)'!$B$6:$EP$38,3,FALSE) -> #N/A | K12: =IF(IF($E$22="",1,VALUE(LEFT($E$22,2)))>=P11,$E$21,"")&IF(IF($F$22="",1,VALUE(LEFT($F$22,2)))>=P11,","&$F$21,"")&IF(IF($G$22="",1,VALUE(LEFT($G$22,2)))>=P11,","&$G$21,"")&IF(IF($H$22="",1,VALUE(LEFT($H$22,2)))>=P11,","&$H$21,"")&IF(IF($I$22="",1,VALUE(LEFT($I$22,2)))>=P11,","&$I$21,"")&IF(IF($J$22="",1,VALUE(LEFT($J$22,2)))>=P11,","&$J$21,"")&IF(IF($K$22="",1,VALUE(LEFT($K$22,2)))>=P11,","&$K$21,"")&IF(IF($L$22="",1,VALUE(LEFT($L$22,2)))>=P11,","&$L$21,"")&IF(IF($M$22="",1,VALUE(LEFT($M$22,2)))>=P11,","&$M$21,"")&IF(IF($N$22="",1,VALUE(LEFT($N$22,2)))>=P11,","&$N$21,"")&IF(IF($O$22="",1,VALUE(LEFT($O$22,2)))>=P11,","&$O$21,"")&IF($E$23="","",","&$E$23)&IF($F$23="","",","&$F$23)&IF($G$23="","",","&$G$23)&IF($H$23="","",","&$H$23)&IF($I$23="","",","&$I$23)&IF($J$23="","",","&$J$23)&IF($K$23="","",","&$K$23)&IF($L$23="","",","&$L$23)&IF($M$23="","",","&$M$23)&IF($N$23="","",","&$N$23)&IF($O$23="","",","&$O$23) -> 미어캣,고릴라,코알라 | P12: 10 | Q12: 09:00~09:50
A13: 2 10:00~10:50 | B13: =HLOOKUP(C6,'시간표(상용)'!$B$6:$EP$387,6,FALSE) -> #N/A | E13: =HLOOKUP(C6,'시간표(상용)'!$B$6:$EP$38,9,FALSE) -> #N/A | G13: =HLOOKUP(C6,'시간표(상용)'!$B$6:$EP$387,7,FALSE) -> #N/A | K13: =IF(IF($E$22="",1,VALUE(LEFT($E$22,2)))>=P12,$E$21,"")&IF(IF($F$22="",1,VALUE(LEFT($F$22,2)))>=P12,","&$F$21,"")&IF(IF($G$22="",1,VALUE(LEFT($G$22,2)))>=P12,","&$G$21,"")&IF(IF($H$22="",1,VALUE(LEFT($H$22,2)))>=P12,","&$H$21,"")&IF(IF($I$22="",1,VALUE(LEFT($I$22,2)))>=P12,","&$I$21,"")&IF(IF($J$22="",1,VALUE(LEFT($J$22,2)))>=P12,","&$J$21,"")&IF(IF($K$22="",1,VALUE(LEFT($K$22,2)))>=P12,","&$K$21,"")&IF(IF($L$22="",1,VALUE(LEFT($L$22,2)))>=P12,","&$L$21,"")&IF(IF($M$22="",1,VALUE(LEFT($M$22,2)))>=P12,","&$M$21,"")&IF(IF($N$22="",1,VALUE(LEFT($N$22,2)))>=P12,","&$N$21,"")&IF(IF($O$22="",1,VALUE(LEFT($O$22,2)))>=P12,","&$O$21,"")&IF($E$23="","",","&$E$23)&IF($F$23="","",","&$F$23)&IF($G$23="","",","&$G$23)&IF($H$23="","",","&$H$23)&IF($I$23="","",","&$I$23)&IF($J$23="","",","&$J$23)&IF($K$23="","",","&$K$23)&IF($L$23="","",","&$L$23)&IF($M$23="","",","&$M$23)&IF($N$23="","",","&$N$23)&IF($O$23="","",","&$O$23) -> ,고릴라,코알라 | P13: 11 | Q13: 10:00~10:50
A14: 3 11:00~11:50 | B14: =HLOOKUP(C6,'시간표(상용)'!$B$6:$EP$387,10,FALSE) -> #N/A | E14: =HLOOKUP(C6,'시간표(상용)'!$B$6:$EP$38,13,FALSE) -> #N/A | G14: =HLOOKUP(C6,'시간표(상용)'!$B$6:$EP$387,11,FALSE) -> #N/A | K14: =IF(IF($E$22="",1,VALUE(LEFT($E$22,2)))>=P13,$E$21,"")&IF(IF($F$22="",1,VALUE(LEFT($F$22,2)))>=P13,","&$F$21,"")&IF(IF($G$22="",1,VALUE(LEFT($G$22,2)))>=P13,","&$G$21,"")&IF(IF($H$22="",1,VALUE(LEFT($H$22,2)))>=P13,","&$H$21,"")&IF(IF($I$22="",1,VALUE(LEFT($I$22,2)))>=P13,","&$I$21,"")&IF(IF($J$22="",1,VALUE(LEFT($J$22,2)))>=P13,","&$J$21,"")&IF(IF($K$22="",1,VALUE(LEFT($K$22,2)))>=P13,","&$K$21,"")&IF(IF($L$22="",1,VALUE(LEFT($L$22,2)))>=P13,","&$L$21,"")&IF(IF($M$22="",1,VALUE(LEFT($M$22,2)))>=P13,","&$M$21,"")&IF(IF($N$22="",1,VALUE(LEFT($N$22,2)))>=P13,","&$N$21,"")&IF(IF($O$22="",1,VALUE(LEFT($O$22,2)))>=P13,","&$O$21,"")&IF($E$23="","",","&$E$23)&IF($F$23="","",","&$F$23)&IF($G$23="","",","&$G$23)&IF($H$23="","",","&$H$23)&IF($I$23="","",","&$I$23)&IF($J$23="","",","&$J$23)&IF($K$23="","",","&$K$23)&IF($L$23="","",","&$L$23)&IF($M$23="","",","&$M$23)&IF($N$23="","",","&$N$23)&IF($O$23="","",","&$O$23) -> ,고릴라,코알라 | P14: 12 | Q14: 11:00~11:50
A15: 4 12:00~12:50 | B15: =HLOOKUP(C6,'시간표(상용)'!$B$6:$EP$387,14,FALSE) -> #N/A | E15: =HLOOKUP(C6,'시간표(상용)'!$B$6:$EP$38,17,FALSE) -> #N/A | G15: =HLOOKUP(C6,'시간표(상용)'!$B$6:$EP$387,15,FALSE) -> #N/A | K15: =IF(IF($E$22="",1,VALUE(LEFT($E$22,2)))>=P14,$E$21,"")&IF(IF($F$22="",1,VALUE(LEFT($F$22,2)))>=P14,","&$F$21,"")&IF(IF($G$22="",1,VALUE(LEFT($G$22,2)))>=P14,","&$G$21,"")&IF(IF($H$22="",1,VALUE(LEFT($H$22,2)))>=P14,","&$H$21,"")&IF(IF($I$22="",1,VALUE(LEFT($I$22,2)))>=P14,","&$I$21,"")&IF(IF($J$22="",1,VALUE(LEFT($J$22,2)))>=P14,","&$J$21,"")&IF(IF($K$22="",1,VALUE(LEFT($K$22,2)))>=P14,","&$K$21,"")&IF(IF($L$22="",1,VALUE(LEFT($L$22,2)))>=P14,","&$L$21,"")&IF(IF($M$22="",1,VALUE(LEFT($M$22,2)))>=P14,","&$M$21,"")&IF(IF($N$22="",1,VALUE(LEFT($N$22,2)))>=P14,","&$N$21,"")&IF(IF($O$22="",1,VALUE(LEFT($O$22,2)))>=P14,","&$O$21,"")&IF($E$23="","",","&$E$23)&IF($F$23="","",","&$F$23)&IF($G$23="","",","&$G$23)&IF($H$23="","",","&$H$23)&IF($I$23="","",","&$I$23)&IF($J$23="","",","&$J$23)&IF($K$23="","",","&$K$23)&IF($L$23="","",","&$L$23)&IF($M$23="","",","&$M$23)&IF($N$23="","",","&$N$23)&IF($O$23="","",","&$O$23) -> ,코알라 | Q15: 12:00~12:50
A16: 5 13:40~14:30 | B16: =HLOOKUP(C6,'시간표(상용)'!$B$6:$EP$387,18,FALSE) -> #N/A | E16: =HLOOKUP(C6,'시간표(상용)'!$B$6:$EP$38,21,FALSE) -> #N/A | G16: =HLOOKUP(C6,'시간표(상용)'!$B$6:$EP$387,19,FALSE) -> #N/A | K16: =IF(B16="공강","",IF($E$23="","",$E$23)&IF($F$23="","",","&$F$23)&IF($G$23="","",","&$G$23)&IF($H$23="","",","&$H$23)&IF($I$23="","",","&$I$23)&IF($J$23="","",","&$J$23)&IF($K$23="","",","&$K$23)&IF($L$23="","",","&$L$23)&IF($M$23="","",","&$M$23)&IF($N$23="","",","&$N$23)&IF($O$23="","",","&$O$23)&IF(IF($E$26="","",VALUE(LEFT($E$26,2)))<P16,","&$E$25,"")&IF(IF($F$26="","",VALUE(LEFT($F$26,2)))<P16,","&$F$25,"")&IF(IF($G$26="","",VALUE(LEFT($G$26,2)))<P16,","&$G$25,"")&IF(IF($H$26="","",VALUE(LEFT($H$26,2)))<P16,","&$H$25,"")&IF(IF($I$26="","",VALUE(LEFT($I$26,2)))<P16,","&$I$25,"")&IF(IF($J$26="","",VALUE(LEFT($J$26,2)))<P16,","&$J$25,"")&IF(IF($K$26="","",VALUE(LEFT($K$26,2)))<P16,","&$K$25,"")&IF(IF($L$26="","",VALUE(LEFT($L$26,2)))<P16,","&$L$25,"")&IF(IF($M$26="","",VALUE(LEFT($M$26,2)))<P16,","&$M$25,"")&IF(IF($N$26="","",VALUE(LEFT($N$26,2)))<P16,","&$N$25,"")&IF(IF($O$26="","",VALUE(LEFT($O$26,2)))<P16,","&$O$25,"")) -> #N/A | P16: 14 | Q16: 13:40~14:30
A17: 6 14:40~15:30 | B17: =HLOOKUP(C6,'시간표(상용)'!$B$6:$EP$387,22,FALSE) -> #N/A | E17: =HLOOKUP(C6,'시간표(상용)'!$B$6:$EP$38,25,FALSE) -> #N/A | G17: =HLOOKUP(C6,'시간표(상용)'!$B$6:$EP$387,23,FALSE) -> #N/A | K17: =IF(B17="공강","",IF($E$23="","",$E$23)&IF($F$23="","",","&$F$23)&IF($G$23="","",","&$G$23)&IF($H$23="","",","&$H$23)&IF($I$23="","",","&$I$23)&IF($J$23="","",","&$J$23)&IF($K$23="","",","&$K$23)&IF($L$23="","",","&$L$23)&IF($M$23="","",","&$M$23)&IF($N$23="","",","&$N$23)&IF($O$23="","",","&$O$23)&IF(IF($E$26="","",VALUE(LEFT($E$26,2)))<P17,","&$E$25,"")&IF(IF($F$26="","",VALUE(LEFT($F$26,2)))<P17,","&$F$25,"")&IF(IF($G$26="","",VALUE(LEFT($G$26,2)))<P17,","&$G$25,"")&IF(IF($H$26="","",VALUE(LEFT($H$26,2)))<P17,","&$H$25,"")&IF(IF($I$26="","",VALUE(LEFT($I$26,2)))<P17,","&$I$25,"")&IF(IF($J$26="","",VALUE(LEFT($J$26,2)))<P17,","&$J$25,"")&IF(IF($K$26="","",VALUE(LEFT($K$26,2)))<P17,","&$K$25,"")&IF(IF($L$26="","",VALUE(LEFT($L$26,2)))<P17,","&$L$25,"")&IF(IF($M$26="","",VALUE(LEFT($M$26,2)))<P17,","&$M$25,"")&IF(IF($N$26="","",VALUE(LEFT($N$26,2)))<P17,","&$N$25,"")&IF(IF($O$26="","",VALUE(LEFT($O$26,2)))<P17,","&$O$25,"")) -> #N/A | P17: 15 | Q17: 14:40~15:30
A18: 7 15:40~16:30 | B18: =HLOOKUP(C6,'시간표(상용)'!$B$6:$EP$387,26,FALSE) -> #N/A | E18: =HLOOKUP(C6,'시간표(상용)'!$B$6:$EP$38,29,FALSE) -> #N/A | G18: =HLOOKUP(C6,'시간표(상용)'!$B$6:$EP$387,27,FALSE) -> #N/A | K18: =IF(B18="공강","",IF($E$23="","",$E$23)&IF($F$23="","",","&$F$23)&IF($G$23="","",","&$G$23)&IF($H$23="","",","&$H$23)&IF($I$23="","",","&$I$23)&IF($J$23="","",","&$J$23)&IF($K$23="","",","&$K$23)&IF($L$23="","",","&$L$23)&IF($M$23="","",","&$M$23)&IF($N$23="","",","&$N$23)&IF($O$23="","",","&$O$23)&IF(IF($E$26="","",VALUE(LEFT($E$26,2)))<P18,","&$E$25,"")&IF(IF($F$26="","",VALUE(LEFT($F$26,2)))<P18,","&$F$25,"")&IF(IF($G$26="","",VALUE(LEFT($G$26,2)))<P18,","&$G$25,"")&IF(IF($H$26="","",VALUE(LEFT($H$26,2)))<P18,","&$H$25,"")&IF(IF($I$26="","",VALUE(LEFT($I$26,2)))<P18,","&$I$25,"")&IF(IF($J$26="","",VALUE(LEFT($J$26,2)))<P18,","&$J$25,"")&IF(IF($K$26="","",VALUE(LEFT($K$26,2)))<P18,","&$K$25,"")&IF(IF($L$26="","",VALUE(LEFT($L$26,2)))<P18,","&$L$25,"")&IF(IF($M$26="","",VALUE(LEFT($M$26,2)))<P18,","&$M$25,"")&IF(IF($N$26="","",VALUE(LEFT($N$26,2)))<P18,","&$N$25,"")&IF(IF($O$26="","",VALUE(LEFT($O$26,2)))<P18,","&$O$25,"")) -> #N/A | P18: 16 | Q18: 15:40~16:30
A19: 8 16:40~17:30 | B19: =HLOOKUP(C6,'시간표(상용)'!$B$6:$EP$387,30,FALSE) -> #N/A | E19: =HLOOKUP(C6,'시간표(상용)'!$B$6:$EP$38,33,FALSE) -> #N/A | G19: =HLOOKUP(C6,'시간표(상용)'!$B$6:$EP$387,31,FALSE) -> #N/A | K19: =IF(B19="공강","",IF($E$23="","",$E$23)&IF($F$23="","",","&$F$23)&IF($G$23="","",","&$G$23)&IF($H$23="","",","&$H$23)&IF($I$23="","",","&$I$23)&IF($J$23="","",","&$J$23)&IF($K$23="","",","&$K$23)&IF($L$23="","",","&$L$23)&IF($M$23="","",","&$M$23)&IF($N$23="","",","&$N$23)&IF($O$23="","",","&$O$23)&IF(IF($E$26="","",VALUE(LEFT($E$26,2)))<P19,","&$E$25,"")&IF(IF($F$26="","",VALUE(LEFT($F$26,2)))<P19,","&$F$25,"")&IF(IF($G$26="","",VALUE(LEFT($G$26,2)))<P19,","&$G$25,"")&IF(IF($H$26="","",VALUE(LEFT($H$26,2)))<P19,","&$H$25,"")&IF(IF($I$26="","",VALUE(LEFT($I$26,2)))<P19,","&$I$25,"")&IF(IF($J$26="","",VALUE(LEFT($J$26,2)))<P19,","&$J$25,"")&IF(IF($K$26="","",VALUE(LEFT($K$26,2)))<P19,","&$K$25,"")&IF(IF($L$26="","",VALUE(LEFT($L$26,2)))<P19,","&$L$25,"")&IF(IF($M$26="","",VALUE(LEFT($M$26,2)))<P19,","&$M$25,"")&IF(IF($N$26="","",VALUE(LEFT($N$26,2)))<P19,","&$N$25,"")&IF(IF($O$26="","",VALUE(LEFT($O$26,2)))<P19,","&$O$25,"")) -> #N/A | P19: 17 | Q19: 16:40~17:30
A20: 지시사항
A21: 특 이 사 항 | B21: 지각훈련생 | E21: 미어캣 | F21: 고릴라
E22: 09:02 | F22: 11:10
B23: 결석훈련생 | E23: 코알라
B25: 조퇴훈련생 | E25: 고양이 | F25: 강아지 | G25: 캥거루
E26: 14:40 | F26: 16:30 | G26: 15:33
B27: 기타사항 (전달사항, 외출자 등)

Sheet 훈련일
A1: =WORKDAY(시작일,ROW()-1,공휴일) -> 45922
A2: =WORKDAY(시작일,ROW()-1,공휴일) -> 45923
A3: =WORKDAY(시작일,ROW()-1,공휴일) -> 45924
A4: =WORKDAY(시작일,ROW()-1,공휴일) -> 45925
A5: =WORKDAY(시작일,ROW()-1,공휴일) -> 45926
A6: =WORKDAY(시작일,ROW()-1,공휴일) -> 45929
A7: =WORKDAY(시작일,ROW()-1,공휴일) -> 45930
A8: =WORKDAY(시작일,ROW()-1,공휴일) -> 45931
A9: =WORKDAY(시작일,ROW()-1,공휴일) -> 45932
A10: =WORKDAY(시작일,ROW()-1,공휴일) -> 45940
A11: =WORKDAY(시작일,ROW()-1,공휴일) -> 45943
A12: =WORKDAY(시작일,ROW()-1,공휴일) -> 45944
... A140: =WORKDAY(시작일,ROW()-1,공휴일) -> 46132

Sheet 80%시점
A1: 80%시점 (기본) | B1: =WORKDAY(시작일,ROUNDUP(NETWORKDAYS(시작일,종료일,공휴일)*80%,0),공휴일) -> 46072 | C1: 비고 : 결석이 없는 경우
